,artist_name,track_name,track_id,popularity
0,Gunna,fukumean,4rXLjWdF2ZZpXCVTfWcshS,96
1,Olivia Rodrigo,vampire,3k79jB4aGmMDUQzEwa46Rz,98
2,Travis Scott,MELTDOWN (feat. Drake),67nepsnrcZkowTxMWigSbb,94
3,Luke Combs,Fast Car,1Lo0QY9cvc8sUB2vnIOxDT,91
4,Billie Eilish,"What Was I Made For? [From The Motion Picture ""Barbie""]",6wf7Yu7cxBSPrRlWeSeK0Q,98
5,Nicki Minaj,Barbie World (with Aqua) [From Barbie The Album],741UUVE2kuITl0c6zuqqbO,95
6,Morgan Wallen,Last Night,59uQI0PADDKeE6UZDTJEe8,89
7,Jung Kook,Seven (feat. Latto) (Explicit Ver.),7x9aauaA9cu6tyfpHnqDLo,100
8,Dua Lipa,Dance The Night (From Barbie The Album),1vYXt7VSjH9JIM5oRRo7vA,97
9,Travis Scott,FE!N (feat. Playboi Carti),42VsgItocQwOQC3XWZ8JNA,94
10,Morgan Wallen,Last Night,7K3BhSpAxZBznislvUMVtn,88
11,Travis Scott,I KNOW ?,6wsqVwoiVH2kde4k4KKAFU,92
12,PinkPantheress,Boy's a Liar Pt. 2,6AQbmUe0Qwf5PZnt4HmTXv,92
13,Taylor Swift,I Can See You (Taylor’s Version) (From The Vault),5kHMfzgLZP95O9NBy0ku4v,92
14,Yng Lvcas,La Bebe - Remix,2UW7JaomAMuX9pZrjVpHAU,96
15,Grupo Frontera,un x100to,6pD0ufEQq0xdHSsRbg9LBK,95
16,Eslabon Armado,Ella Baila Sola,3dnP0JxCgygwQH9Gm7q7nb,94
17,Bad Bunny,WHERE SHE GOES,7ro0hRteUMfnOioTFI5TG1,97
18,Morgan Wallen,Thinkin’ Bout Me,0PAcdVzhPO4gq1Iym9ESnK,86
19,Morgan Wallen,You Proof,5W4kiM2cUYBJXKRudNyxjW,86
20,NewJeans,Super Shy,5sdQOyqq2IDhvmx2lHOpwd,95
21,Travis Scott,TELEKINESIS (feat. SZA & Future),1i9lZvlaDdWDPyXEE95aiq,91
22,Jimin,Like Crazy,3Ua0m0YmEjrMi9XErKcNiR,95
23,FIFTY FIFTY,Cupid - Twin Ver.,7FbrGaHYVDmfr7KoLIZnQ7,95
24,Drake,Search & Rescue,7aRCf5cLOFN1U7kvtChY1G,88
25,Travis Scott,MY EYES,4kjI1gwQZRKNDkw1nI475M,91
26,Peso Pluma,LADY GAGA,7mXuWTczZNxG5EDcjFEuJR,94
27,Travis Scott,TOPIA TWINS (feat. Rob49 & 21 Savage),0lodMO0qK83vfPiiD7FMEt,90
28,Travis Scott,HYAENA,0hL9gOw6XBWsygEUcVjxEc,90
29,David Kushner,Daylight,1odExI7RdWc4BT515LTAwj,96
30,Bailey Zimmerman,Religiously,0bILU0UiNDmA5Ff6whhb2R,85
31,Travis Scott,K-POP,5L3ecxQnQ9qTBmnLQiwf0C,93
32,Junior H,El Azul,1haJsMtoBhHfvuM7XWuT3W,92
33,Fuerza Regida,TQM,368eeEO3Y2uZUQ6S5oIjcu,92
34,Fuerza Regida,SABOR FRESA,1UMm1Qs3u59Wvk53zBUE8r,93
35,Travis Scott,THANK GOD,1PH2MDbcBAU094DlgTIND1,90
36,Lil Uzi Vert,Flooded The Face,4daEMLSZCgZ2Mt7gNm2SRa,86
37,Noah Kahan,Dial Drunk (with Post Malone),22VHOlVYBqytsrAqV8yXBK,87
38,Lil Durk,All My Life (feat. J. Cole),6HgWWaMu31KdOpEG5l28BG,89
39,Bizarrap,"Peso Pluma: Bzrp Music Sessions, Vol. 55",5AqiaZwhmC6dIbgWrD5SzV,93
40,Laufey,From The Start,1Ukxccao1BlWrPhYkcXbwZ,88
41,Travis Scott,MODERN JAM (feat. Teezo Touchdown),3KCNiDi9Pza6ZD8FggNoaw,89
42,Myke Towers,LALA,7ABLbnD53cQK00mhcaOUVG,99
43,Peso Pluma,TULUM,7bPp2NmpmyhLJ7zWazAXMu,93
44,Taylor Swift,Enchanted (Taylor's Version),3sW3oSbzsfecv9XoUdGs7h,90
45,Travis Scott,SIRENS,7LSpFCvRZZot2AlmkUzy9k,89
46,Lil Durk,Stand By Me (feat. Morgan Wallen),1fXnu2HzxbDtoyvFPWG3Bw,84
47,Jimin,Like Crazy,58BWnoFDNaeM0vwA0K3fqb,91
48,Quevedo,Columbia,6XbtvPmIpyCbjuT0e8cQtp,97
49,Kaliii,Area Codes,7sliFe6W30tPBPh6dvZsIH,87
50,Travis Scott,DELRESTO (ECHOES) (feat. Beyoncé),0OEe83mMZ5kaNw5uZQ7ilG,88
51,Travis Scott,GOD'S COUNTRY,04WxWo7XeVyx22xEsrWRUb,88
52,The Weeknd,Popular (with Playboi Carti & Madonna) - Music from the HBO Original Series,6WzRpISELf3YglGAh7TXcG,93
53,Travis Scott,SKITZO (feat. Young Thug),0bkV1iQHSxBaksUqgEkcbc,87
54,Travis Scott,TIL FURTHER NOTICE (feat. James Blake & 21 Savage),76gcXhY3Zv6wW0BTe9nHJo,88
55,Troye Sivan,Rush,3xIMkM5LgbVDkpO74O3Np3,90
56,Eslabon Armado,Ella Baila Sola,3qQbCzHBycnDpGskqOWY0E,90
57,Taylor Swift,Back To December (Taylor's Version),79uDOz0zuuWS7HWxzMmTa2,89
58,Ice Spice,Deli,5JYPXqMwYc0zTODQdjMEZN,85
59,Bailey Zimmerman,Rock and A Hard Place,1TE8AAk9koG0UJco6ZAUfx,83
60,Metro Boomin,"Calling (Spider-Man: Across the Spider-Verse) (Metro Boomin & Swae Lee, NAV, feat. A Boogie Wit da Hoodie)",5rurggqwwudn9clMdcchxT,89
61,Post Malone,Chemical,5w40ZYhbBMAlHYNDaVJIUu,90
62,Tainy,MOJABI GHOST,4eMKD8MRroxCqugpsxCCNb,92
63,Yahritza Y Su Esencia,Frágil,4JdSXF2p71cr8uCY3UiJM0,92
64,Chino Pacas,El Gordo Trae El Mando,3kf0WdFOalKWBkCCLJo4mA,88
65,Taylor Swift,Mine (Taylor's Version),7G0gBu6nLdhFDPRLc0HdDG,88
66,Noah Kahan,Dial Drunk,0caJ2wkqp4UmXBwdR2JvB5,84
67,Charli XCX,Speed Drive (From Barbie The Album),5VxmI3IdgAxWVvUnJoLuY2,89
68,Morgan Wallen,Ain’t That Some,2YVlDlk2zRceefo6XlC6DX,83
69,Travis Scott,CIRCUS MAXIMUS (feat. The Weeknd & Swae Lee),4GL9GMX9t7Qkprvf1YighZ,87
70,d4vd,Here With Me,5LrN7yUQAzvthd4QujgPFr,92
71,Peso Pluma,LAGUNAS,3HOKxuTDmNVmIlCIpBiD8m,89
72,Morgan Wallen,Cowgirls (feat. ERNEST),7fveJ3pk1eSfxBdVkzdXZ0,82
73,Jelly Roll,Need A Favor,5twSy6ffBrF03mnNUsUgJZ,82
74,Zach Bryan,Dawns (feat. Maggie Rogers),42TtHTxWk782ZBiqyOi2d1,83
75,Peso Pluma,LUNA,3RA55zrRkyPK8Fd86hrMy8,88
76,Dave,Sprinter,2FDTHlrBguDzQkp7PVj16Q,96
77,El Alfa,PLEBADA,7uSLF2yhpjLlYBLtyPX3Lb,86
78,Megan Moroney,Tennessee Orange,6DLbBlGIOjjEj0dNN25zhZ,82
79,Young Thug,Oh U Went (feat. Drake),7qLr3HMApUbyDkUvgIvHnB,84
80,Doechii,What It Is (Solo Version),73RbfOTJIjHzi2pcVHjeHM,90
81,Anuel AA,Baby,5iDNf2uMgRzmQpcmGAzOUk,87
82,Jason Aldean,Try That In A Small Town,4ROknQyR1wOGPfmpTtB3z4,81
83,Jung Kook,Seven (feat. Latto) (Clean Ver.),5Avril3IZ26DPVFHbJX8o6,94
84,Doja Cat,Paint The Town Red,2IGMVunIBsBLtEQyoI1Mu7,88
85,Feid,Classy 101,6XSqqQIy7Lm7SnwxS4NrGx,95
86,Tyler Childers,In Your Love,1olWQ1LOUYs4VBwx5N8Lz9,81
87,KAROL G,TQG,0DWdj2oZMBFSzRsi2Cvfzf,92
88,Lana Del Rey,Say Yes To Heaven,6GGtHZgBycCgGBUhZo81xe,91
89,Lil Uzi Vert,Watch This - ARIZONATEARS Pluggnb Remix,0FA4wrjDJvJTTU8AepZTup,86
90,Morgan Wallen,Thought You Should Know,3Qu3Zh4WTKhP9GEXo0aDnb,81
91,Metro Boomin,"Annihilate (Spider-Man: Across the Spider-Verse) (Metro Boomin & Swae Lee, Lil Wayne, Offset)",39MK3d3fonIP8Mz9oHCTBB,87
92,Travis Scott,LOOOVE (feat. Kid Cudi),0a4SMs889NwP8oWI7Vemle,86
93,Taylor Swift,Better Than Revenge (Taylor's Version),0NwGC0v03ysCYINtg6ns58,87
94,Metro Boomin,"Am I Dreaming (Metro Boomin & A$AP Rocky, Roisee)",6Ec5LeRzkisa5KJtwLfOoW,88
95,Travis Scott,LOST FOREVER (feat. Westside Gunn),7EiUtdeoWcKqLi5ELZCjYf,86
96,Taylor Swift,Sparks Fly (Taylor’s Version),3MytWN8L7shNYzGl4tAKRp,86
97,That Mexican OT,Johnny Dang (with Paul Wall & DRODi),1kwPxt35W7cG3rryxR48PO,81
98,Old Dominion,Memory Lane,5kB6WithhB8Iv08EMNmAbt,81
99,NewJeans,ETA,56v8WEnGzLByGsDAXDiv4d,89
100,NewJeans,Cool With You,02wk5BttM0QL38ERjLPQJB,89
101,Ice Spice,Princess Diana (with Nicki Minaj),0ZxhtATQ0a6EvQNZ0z6NKV,85
102,Morgan Wallen,One Thing At A Time,1rXq0uoV4KTgRN64jXzIxo,81
103,Odetari,GOOD LOYAL THOTS,06tNJ27nVxbDwhiQMChWyr,86
104,Metro Boomin,Self Love (Spider-Man: Across the Spider-Verse) (Metro Boomin & Coi Leray),0AAMnNeIc6CdnfNU85GwCH,85
105,Miley Cyrus,Flowers,4DHcnVTT87F0zZhRPYmZ3B,92
106,Tyler Hubbard,Dancin’ In The Country,2KtGiBi5CrX2ERPD2PAS34,81
107,Kali Uchis,Moonlight,0JmnkIqdlnUzPaf8sqBRs3,86
108,HARDY,TRUCK BED,103u49mLoJUge83B1CnLxI,80
109,Peso Pluma,PRC,2mpoNBkngUEwnaKoBhZ0vl,88
110,Oscar Maydon,Fin de Semana,6TBzRwnX2oYd8aOrOuyK1p,88
111,KAROL G,AMARGURA,505v13epFXodT9fVAJ6h8k,91
112,Taylor Swift,Dear John (Taylor's Version),1zU8j1x3yi9xalMF96pzKp,85
113,Odetari,LOOK DON’T TOUCH (w/ cade clair),7E9kejvFw8NDfuu4y3hqkp,86
114,Bailey Zimmerman,Fall In Love,0rCFRyEy4WXjRXNpO80Dzs,81
115,Becky G,Chanel,5RcxRGvmYai7kpFSfxe5GY,87
116,Post Malone,Enough Is Enough,3BHFResGQiUvbYToUdaDQz,86
117,Taylor Swift,Long Live (Taylor's Version),4hqJ4bSlYJOXb6Z4SRmzxs,85
118,Kali Uchis,Moonlight,2i2gDpKKWjvnRTOZRhaPh2,89
119,Taylor Swift,Electric Touch (feat. Fall Out Boy) (Taylor’s Version) (From The Vault),4e3ZNTAV6PCrdYMUrUlMpQ,84
120,Taylor Swift,Castles Crumbling (feat. Hayley Williams) (Taylor’s Version) (From The Vault),4ABYxlb92WBIjHu7TIKmml,84
121,NewJeans,Get Up,1wUnuiXMMvhudmzvcCtlZP,87
122,Taylor Swift,Foolish One (Taylor’s Version) (From The Vault),4s8BIKx4Zh6ryAEz8RTlaU,84
123,Travis Scott,PARASAIL (feat. Yung Lean & Dave Chappelle),2Q0aElTZQtEUsoiaQfizu6,85
124,Peso Pluma,RUBICON,0xGZjxYqcNQ8WqxyeZ4eSN,87
125,Peso Pluma,Bye,6n2P81rPk2RTzwnNNgFOdb,86
126,Eden Muñoz,Abcdario,0qCPD6ilr9nXkI4KVZgcns,87
127,Taylor Swift,When Emma Falls in Love (Taylor’s Version) (From The Vault),0zo975x58DlXbZllWvfYhg,84
128,ROSALÍA,BESO,609E1JCInJncactoMmkDon,93
129,Doja Cat,Attention,11xC6P3iKYpFThT6Ce1KdG,85
130,Peso Pluma,VVS,3B0swL7Qil9bB7eKzBREBK,86
131,Taylor Swift,Speak Now (Taylor's Version),5xXqyjLicvEpch72qEryFT,86
132,Lil Tecca,500lbs,1xWkeSPhf3bZqHY7Ncz8vp,81
133,Lil Mabu,MATHEMATICAL DISRESPECT,0Ymjv0OJeIIPXr6s9wi3iW,83
134,Taylor Swift,Mean (Taylor's Version),30Y4CV7A6YqtQtTTo7Ue4j,85
135,NewJeans,New Jeans,6rdkCkjk6D12xRpdMXy0I2,88
136,Taylor Swift,Timeless (Taylor’s Version) (From The Vault),1HCdems7PQZRj42QDWLA0A,84
137,Taylor Swift,Hits Different,3xYJScVfxByb61dYHTwiby,85
138,Lil Uzi Vert,Endless Fashion (feat. Nicki Minaj),41bmnQZoDMQdDh5zyomtW7,82
139,Toosii,Favorite Song,1SRw5p2lVAi7RGlHEmZg66,81
140,Lyrical Lemonade,Doomsday (with Juice WRLD & Cordae),3bkpVSoNvBkvt9LJMFT5at,82
141,Taylor Swift,The Story Of Us (Taylor's Version),6dTA6y0C2ReQklntzZl8l3,85
142,NewJeans,OMG,65FftemJ1DbbZ45DUfHJXE,90
143,Morgan Wallen,’98 Braves,3oZ6dlSfCE9gZ55MGPJctc,79
144,Young Nudy,Peaches & Eggplants (feat. 21 Savage),1KUZ33cOqk3X4Ezk0aZnVp,80
145,Eslabon Armado,Así Lo Quiso Dios,6X5WZbJzXtk6aO03HlxuZ9,85
146,Travis Scott,K-POP (feat. Bad Bunny & The Weeknd),4o82J5zr4DFEs9yj5szCVX,84
147,KAROL G,S91,7EpOXgSRgnglRWr86pZfGU,89
148,Noah Kahan,You’re Gonna Go Far,4nHJcUtNSUVjXRnjdP29Bk,80
149,Post Malone,Overdrive,3t0ic4mkhvhamrKDkulB8v,84
150,Bryan Martin,We Ride,72kGuWpRiuA149Bn5lDkIO,80
151,Chris Stapleton,White Horse,7MSWxMumjz6lHj7oRApNbg,80
152,Odetari,NARCISSISTIC PERSONALITY DISORDER,6lDJ0CkQ6LdQv5EUQ39rpg,84
153,Lil Uzi Vert,Aye (feat. Travis Scott),2Hc1LaV6bzFil3dE71eORA,82
154,Jimin,Like Crazy (English Version),0u8rZGtXJrLtiSe34FPjGG,85
155,Eladio Carrion,Coco Chanel,0PB0O24JqAuNdOAFVJljMS,90
156,The Weeknd,Die For You - Remix,7oDd86yk8itslrA9HRP2ki,89
157,Dominic Fike,Mona Lisa (Spider-Man: Across the Spider-Verse),37CoOXIsgF3NzbK1zHZetk,84
158,Odetari,GMFU (w/ 6arelyhuman),4D1k6x4MXTaSnljSvAXhaf,84
159,Taylor Swift,Haunted (Taylor's Version),4tMzIAFTFdqGBQLdfbPces,83
160,Ivan Cornejo,Aquí Te Espero,33vrRiIiut4rOFmkgorJD6,80
161,NewJeans,ASAP,5fpyAakgFOm4YTXkgfPzvV,86
162,Ryan Gosling,I’m Just Ken,3zXIvb4nZ3cTdT8CsbTy3U,85
163,Post Malone,Something Real,444vevlQjTnKioLLncteGv,82
164,Chino Pacas,Dijeron Que No La Iba Lograr,7dR09k1an5JEq7ch0Y5hvV,84
165,Tory Lanez,Hurts Me,0RBw4ODUQPO4cuAOZtBGga,83
166,RAYE,Escapism.,5mHdCZtVyb4DcJw8799hZp,88
167,Peggy Gou,(It Goes Like) Nanana - Edit,23RoR84KodL5HWvUTneQ1w,93
168,David Guetta,Baby Don't Hurt Me,3BKD1PwArikchz2Zrlp1qi,93
169,Don Toliver,Private Landing (feat. Justin Bieber & Future),52NGJPcLUzQq5w7uv4e5gf,81
170,Quavo,Turn Yo Clic Up (feat. Future),7LTCmtMpf3JPfBE8gAl64z,81
171,Latto,Put It On Da Floor Again (feat. Cardi B),6c6WmIHcHlhccEwSFBhzNa,79
172,Jordan Davis,Next Thing You Know,39OclE5hZematADrdfaWvE,79
173,Taylor Swift,Last Kiss (Taylor's Version),59KOoHFcw5XfICnO57holu,83
174,Jordan Davis,What My World Spins Around,6vjZxvzdAeHp7jv3R398Xm,78
175,Drake,On The Radar Freestyle,1L0OmJV0LnPDWuHCIGmBV6,84
176,Post Malone,Mourning,0gWrMbx6pbdH3n3nsLjE55,82
177,Offset,JEALOUSY (feat. Cardi B),73S4fsK22WH929PLFNYgOj,80
178,Nate Smith,World on Fire,5ya0TmUQw2wHMkq36rPsnd,78
179,Warren Zeiders,Pretty Little Poison,2gT2iF1YK5r54A2PDEXVv8,78
180,Junior H,El Tsurito,1piak4R3yW4otWWyaSqyCH,86
181,Morgan Wallen,Man Made A Bar (feat. Eric Church),73zawW1ttszLRgT9By826D,77
182,Sam Hunt,Outskirts,2E0bqoMlIb2xmFyZHRjtzK,78
183,Diplo,Heartbroken (feat. Jessie Murph & Polo G),6NdnvPwQvZb147DVa4x14h,80
184,Morgan Wallen,Sunrise,0JtgoDDf0ggWaoXCGhcOoT,77
185,Peso Pluma,NUEVA VIDA,4Nf5EZ40JenjMUKXOiyRU5,84
186,Gunna,back to the moon,3OGCNLxpBmTYRxPZg2yDE5,80
187,Morgan Wallen,Everything I Love,03fs6oV5JAlbytRYf3371S,77
188,Sam Barber,Straight and Narrow,40vKwNlXXKUmQMGceAoEpy,80
189,Olivia Rodrigo,bad idea right?,2i8f4VnnBjy0yDqH2C452a,84
190,Natanael Cano,Mi Bello Angel,1oWkcc7hQdVYPQMyQ6AFov,88
191,Sky Rompiendo,El Cielo,4PA1wK0leCjmRZlP5dQ8Lv,91
192,Lijay,I love freaks,2OwdUZPORY0EAdRBF9hSZD,80
193,(G)I-DLE,Queencard,4uOBL4DDWWVx4RhYKlPbPC,89
194,Lana Del Rey,Let The Light In (feat. Father John Misty),4qG7hWhljsqqENL5PaLA2z,82
195,Moneybagg Yo,Ocean Spray,6dNOefmb6Lgl5vNtJsSajt,78
196,HARDY,red (feat. Morgan Wallen),2D3JfPyY2LkzXgNOb7qziR,77
197,Beyoncé,AMERICA HAS A PROBLEM (feat. Kendrick Lamar),6l8mgVN9Xf1hiDIFGA6CTE,81
198,Lil Durk,All My Life (feat. J. Cole),6T7FXSuXykeGktMLGp8WgE,81
199,Marshmello,El Merengue,51FvjPEGKq2zByeeEQ43V9,91
200,Ryan Castro,QUEMA,2hn2zOA2XFlv6DSmesylrL,87
201,Taylor Swift,Snow On The Beach (feat. More Lana Del Rey),4zmKGsrXjLmljb5fTaBTot,84
202,Morgan Wallen,Dying Man,4kvjThnfQIsPOKjxx0aZDu,77
203,Billie Eilish,hotline (edit),0WFryfbNKPXVtVQlz5dZ8H,87
204,Young Nudy,Peaches & Eggplants (feat. 21 Savage),2KcQ0PbPj0O3P48B9YX7iN,77
205,Stray Kids,S-Class,3gTQwwDNJ42CCLo3Sf4JDd,86
206,Nicky Youre,Sunroof,5YqEzk3C5c3UZ1D5fJUlXA,84
207,Lizzo,Pink,2YXGbxICUdOUJe9OPlicy1,83
208,Peso Pluma,BYE,6f8wbdo8KU5ETWJA7lapgS,82
209,ENHYPEN,Bite Me,7mpdNiaQvygj2rHoxkzMfa,87
210,Ice Spice,In Ha Mood,0yUaLqhsVsguBpoOPL4cO7,80
211,BTS,Take Two,5IAESfJjmOYu7cHyX557kz,90
212,Taylor Swift,Never Grow Up (Taylor's Version),2EFZ9emtKWEglWUQGEQ3P9,81
213,Bizarrap,"Shakira: Bzrp Music Sessions, Vol. 53",4nrPB8O7Y7wsOCJdgXkthe,90
214,DaBaby,SHAKE SUMN,3FhZPYvMGSjFc6boVYKlCv,78
215,Morgan Wallen,I Wrote The Book,7phmBo7bB9I9YifAXqnlqV,76
216,Parker McCollum,Burn It Down,09hVlIVHtEE1nLUv6YGZiW,76
217,Yeat,Already Rich,61eJ7HqXGyHfmHIqJApX7v,80
218,Toosii,Pull Up (feat. 21 Savage),4EzkcqltSOxYE2lstuLOFs,78
219,Flyana Boss,You Wish,0aoLgGE9S9qMjIGtTgpnNd,79
220,KAROL G,WATATI (feat. Aldo Ranks) [From Barbie The Album],6MZi5j60L80SZLBxN0bv8s,85
221,NLE Choppa,It's Getting Hot,4lMyi03aRk8nPBLLGyqAVz,80
222,NF,HAPPY,3ZEno9fORwMA1HPecdLi0R,80
223,Conjunto Rienda Real,Sobran Motivos,1uTHr7ij3eiDdUXvQfA5au,81
224,Dylan Scott,This Town's Been Too Good To Us,6vsa5VDsIaWC8oJnowU65l,76
225,Taylor Swift,Ours (Taylor’s Version),3yNJkriPzWjkkDAWHIAVUq,81
226,Marshmello,Fell In Love,1N8klHEbZ0bFOHnMVs8C9S,79
227,Lil Baby,Go Hard,1IzJxbARcQrOWMZgPw1PNj,78
228,KAROL G,PROVENZA,3HqcNJdZ2seoGxhn0wVNDK,85
229,Nicki Minaj,Red Ruby Da Sleeze,4ZYAU4A2YBtlNdqOUtc7T2,79
230,Post Malone,Too Cool To Die,3FtQes77xlbS9QTVts7p2u,80
231,Kanii,I Know - PR1SVX Edit,3vcLw8QA3yCOkrj9oLSZNs,82
232,Lil Uzi Vert,Suicide Doors,3fDTzkvrOo5xQIO480Qmsb,78
233,KAROL G,MIENTRAS ME CURO DEL CORA,6otePxalBK8AVa20xhZYVQ,87
234,Peso Pluma,Las Morras,7Lkxvfl2rkNYWS4kBDCQtN,83
235,TOMORROW X TOGETHER,Do It Like That,7kaFsQygyiCqRboWCXztxZ,85
236,Josh Ross,Trouble,7cRggVoZ18mmvIN2EcSQ3J,76
237,Post Malone,Mourning,3pI3nzi2Y0Iyj1nATDOeQV,79
238,Chris Young,Looking for You,67IfTiMwPNN0wQE7Scfzu9,75
239,Lil Uzi Vert,I Gotta,3lcfs9Qjfxzy00VSVkixDv,77
240,Peso Pluma,CARNAL,2bXJMQZSJND3UYq5mjV4cB,83
241,Taylor Swift,Innocent (Taylor's Version),12nBPF4Rh4XLFJV0YLN7uj,80
242,Post Malone,Novacandy,6V1TqJxtw3P0ouCKICvl9l,79
243,Lil Durk,War Bout It (feat. 21 Savage),4muwDurKeVOB1WBjTVRWlD,77
244,beabadoobee,the way things go,5sA3i6SGkILMiZW6Fhx4wv,80
245,NewJeans,Super Shy,0kwrPQkiGVE8KTHalH1uMo,83
246,Metro Boomin,Hummingbird (Metro Boomin & James Blake),6HexNTb392JS071DoTGo0y,80
247,Nicki Minaj,Barbie World (with Aqua) [From Barbie The Album],749HNBEskSdXTKtGYvASFH,83
248,Post Malone,Overdrive,3uMO7jmdXxwSijvxNXDgE4,80
249,Miley Cyrus,Jaded,3AAY8YicetRPlDAkibHLiS,82
250,Rod Wave,Fight The Feeling,7l6nGz4gp6HGs5Cvmdeqe4,75
251,Peso Pluma,GAVILÁN II,775hCSePn3GW4h9nZ636kq,82
252,Carrie Underwood,Out Of That Truck,1xdsRkWxWWUkKhh9hRtfYp,75
253,NewJeans,New Jeans,7woEDtme8YkFiWeyiinIjy,82
254,Sexyy Red,Pound Town 2 (feat. Nicki Minaj & Tay Keith),6IEXjer2qbXhRLFv99NQQv,76
255,Clara La San,In This Darkness,6qrcJkIpuWpxH0ruS8WVAy,79
256,Post Malone,Chemical,7jvtmQ3onpWeUm7dyFSSSc,79
257,Jimin,Like Crazy (English Version),6EY9e6LyPWmL8hUS5E1P0h,80
258,"Tyler, The Creator",DOGTOOTH,6OfOzTitafSnsaunQLuNFw,77
259,DDG,I'm Geekin,4jQF77FelHaw2u1CB0sIfp,77
260,Mae Stephens,If We Ever Broke Up,6maTPqynTmrkWIralgGaoP,86
261,Baby Keem,The Hillbillies,1h6w4POXM2LfG4ZD4xUfZQ,78
262,Brett Young,Dance With You,5SIb4S2seQAeCHPXxiNHBL,75
263,Thomas Rhett,Angels (Don’t Always Have Wings),5vZoQQ1hH5L2s4Y8G86ksg,75
264,Riley Green,Different 'Round Here,4l5w5qGInIhwfvpYmPIYdK,76
265,Yeat,My wrist (with Young Thug),2beD5W9IkefQ04IO39XF7w,77
266,Kodak Black,"Angel Pt. 1 (feat. Jimin of BTS, JVKE & Muni Long)",1vvcEHQdaUTvWt0EIUYcFK,84
267,Kanii,Go (Xtayalive 2),1slDsIJxew9AOOA3v0xFzn,80
268,Carin Leon,Primera Cita,4mGrWfDISjNjgeQnH1B8IE,88
269,A$AP Rocky,RIOT (Rowdy Pipe'n),0B1xarnfKvUFWUoFdQnooq,79
270,Moneybagg Yo,Keep It Low (feat. Future),293QwzG48nRXlqk5lGDUbw,76
271,Metro Boomin,"All The Way Live (Spider-Man: Across the Spider-Verse) (Metro Boomin & Future, Lil Uzi Vert)",0B6g379TMw0nYGXA7y5xHz,79
272,Iniko,Jericho,4ztdjZ2t7BVo5DLIFQBdJh,83
273,Taylor Swift,Superman (Taylor’s Version),4evLyY5Ue1Wesc61t2KXAU,79
274,Lil Uzi Vert,Pluto to Mars,0WCJSIy75ZVxqY51ce0enc,76
275,Post Malone,Sign Me Up,4mahloUW5K6KeGijwnMGDr,78
276,Dalton Dover,Giving Up On That,2Iu5OBDudGv5B0qfKKKbGm,74
277,S3BZS,MONTAGEM - PR FUNK,6njJR3OIp3oA0Kc4aC9Tzf,89
278,Corey Kent,Wild as Her,3kXH9BQq0TyNliiP1MIE6N,75
279,Ovy On The Drums,EL HECHIZO,1mF6RkY7x1KsDBZS6cV5f1,81
280,boygenius,Not Strong Enough,09DR0sHnQUhHOiSNttc1mv,77
281,Kassi Ashton,Drive You Out Of My Mind,0iqr64c8WWYb549HKs8sqD,74
282,beabadoobee,Glue Song,3iBgrkexCzVuPy4O9vx7Mf,80
283,Post Malone,Don't Understand,4MTuL20LF3pWebeJbcNh7p,78
284,Gucci Mane,Bluffin (feat. Lil Baby),1hS8xbWKEifaf0VuFpIY69,76
285,Tito Double P,DEMBOW BÉLICO,0FkD2FHEZrZIofVkY6XPFK,84
286,Noah Kahan,Call Your Mom,3yn01PcU95PTbiZ3xvop2j,76
287,Rauw Alejandro,PICARDÍA,05OnZaYopHpb0z7ktT2FIF,84
288,Luke Bryan,But I Got A Beer In My Hand,3jhV8I9sIPXsjPs2ZOnSaf,75
289,Jelly Roll,Save Me (with Lainey Wilson),4Bee3PcNdfeqO1B80dDgFn,75
290,Corey Kent,Something's Gonna Kill Me,41cv1emXVm5Su4DWvltXa6,74
291,Sexyy Red,SkeeYee,7icwQvajsokotDfM3tefW6,75
292,Calvin Harris,Miracle (with Ellie Goulding),5eTaQYBE1yrActixMAeLcZ,90
293,Labrinth,Never Felt So Alone,2NbsBSshscKIPRG3kwBbfo,82
294,Kylie Minogue,Padam Padam,3k0DJq2HdWJqnqor8NX0ac,83
295,Peso Pluma,PRC,0cNSq9T5l8gZnpY14rsTR2,80
296,Lil Uzi Vert,Spin Again,1pDbGAAH5GQ8U0KG4fI77H,75
297,KAROL G,X SI VOLVEMOS,4NoOME4Dhf4xgxbHDT7VGe,84
298,Yandel,Yankee 150,28BSTgZH1ckI8Xfy8LXaRz,86
299,LE SSERAFIM,"Eve, Psyche & The Bluebeard’s wife",4QhnNyKDsAkXPwHkSnuc89,85
300,FendiDa Rappa,Point Me 2 (with Cardi B),69ZBK01gsgWUnA55BEaAPu,76
301,Bizarrap,"Rauw Alejandro: Bzrp Music Sessions, Vol. 56",2NFadq6pUeiVEihLvUlOSr,89
302,NLE Choppa,SLUT ME OUT,0WoVfPjxsf9MTvPt9ptqeE,77
303,Kane Brown,Bury Me in Georgia - Single Edit,2mltIbKkhQqyh8gCzaqxqA,74
304,Grupo Frontera,LE VA DOLER,5dDN8h9dqErwnc88uyKq1b,82
305,Fall Out Boy,We Didn’t Start The Fire,60glT2wsoSHV3B8yCRSB8v,77
306,YOASOBI,アイドル,7ovUcF5uHTBRzUpB6ZOmvt,89
307,The Weeknd,Save Your Tears,03gwHb6iyyfZREaUyUWMWh,6
308,The Weeknd,After Hours,43QK2f07GkHIkN3uumpYIE,5
309,Lil Yachty,Strike (Holster),7iTTWHbr4tAlsRJN4m4bay,76
310,The Weeknd,Save Your Tears,2wuUx51PbcuSyNyiuQP2MG,9
311,The Weeknd,After Hours,4ju6lqdFcGADjyyd4G9nUq,5
312,The Weeknd,Reminder,0nFcXiig56kIXMHAJBa9Mr,6
313,The Weeknd,Starboy,4PbxtUfJTK69ExNY6VwExd,4
314,The Weeknd,Blinding Lights,0IdUXGXeErxlm8RFPUL6TN,0
315,The Weeknd,Popular - Music from the HBO Original Series,17VBbZMIvuXNLuOaPCQjlG,0
316,The Weeknd,Starboy,5CeBU2jpYQp6BD5k38Nb5j,2
317,The Weeknd,Die For You,5tAdhfrrgDevu5q3GoLps8,0
318,The Weeknd,Blinding Lights - Remix,5v9Q7T9WHHqhSrAobDgFEJ,0
319,The Weeknd,Popular - Music from the HBO Original Series,7zPAUAEVhXmtqzZPG3DPug,0
320,The Weeknd,Save Your Tears,7p38oBvqYK1SEVxmOcWMq5,0
321,The Weeknd,Save Your Tears,7EWYNiceIJNp7AoQCCW3Qm,1
322,The Weeknd,Popular - Music from the HBO Original Series,03ZFUG1ziktlK2uU3gDG78,0
323,The Weeknd,Die For You,6uzAmF51VNLsN85giy0PTJ,0
324,The Weeknd,Popular - Music from the HBO Original Series,4gYE28igm1lyfxyMb6rjwX,0
325,The Weeknd,Double Fantasy,1oCsPy1vUFbA0qmWSfAGDn,0
326,The Weeknd,Double Fantasy,1eCp5nuacMOQhAYFxycjrN,0
327,The Weeknd,Call Out My Name,7zf32ey0mzc99j81FuATnn,2
328,The Weeknd,Blinding Lights,6N2L5wRuLOLM5yGGgQ1P4I,0
329,The Weeknd,Save Your Tears,4EHN2cvBh9nwQVBU1YKlVX,0
330,The Weeknd,Popular - Music from the HBO Original Series,6YEtT4q4RjbOt62d8lRb8z,0
331,The Weeknd,Popular - Music from the HBO Original Series,3paP22tmr0zSLIulbxsYIs,0
332,The Weeknd,Blinding Lights,5Dy0zNNr3xqWu5H9g8yios,0
333,The Weeknd,Popular - Music from the HBO Original Series,3IPDsKGE9VejHGTAO9gkXS,0
334,The Weeknd,Popular - Music from the HBO Original Series,6ZQIgA139JN99P6MEQVLPk,0
335,The Weeknd,Double Fantasy,2tanNfca0pguaxXSsgBFAa,0
336,The Weeknd,Double Fantasy,42DzE5GjyRwZnoxaHfMN31,0
337,The Weeknd,Double Fantasy,5SJlgYY8YutfxMPmPnDNj0,0
338,The Weeknd,Double Fantasy,4iPB9HSL3xvzB3rpC2Be2z,0
339,The Weeknd,Double Fantasy,2PPpohJL8F1U0MRBt7oCWy,0
340,The Weeknd,Double Fantasy,6JbyRuIKGTb8UZj4dZYJuH,0
341,Jack Black,Peaches,4w9soAM7IrmYDhSXLp14p6,79
342,Grupo Marca Registrada,Di Que Si,0kzN7YAMSbmlHOvxlbQW9y,82
343,Grupo Firme,Qué Onda Perdida,3upTB6o5YgeALHgDp3mzte,85
344,The Weeknd,Popular - Music from the HBO Original Series,1S1WtyFFXz0mnHTjvxEb9l,0
345,The Weeknd,Popular - Music from the HBO Original Series,5MYlxTwSBOYh9UpT6gCXQE,0
346,Alana Springsteen,goodbye looks good on you (feat. Mitchell Tenpenny),4K3tnAfDLPZPvc3lzsrjoq,74
347,Gunna,rodeo dr,2rjv9fXzpZDbB6lEeIoB3l,76
348,Laufey,Promise,4LHq10VKu3fSIg8EeVRi09,78
349,Beach Weather,"Sex, Drugs, Etc.",7MlDNspYwfqnHxORufupwq,82
350,Charli XCX,Speed Drive,7GRv55NwkjxU2ysJLwzC9c,80
351,Rauw Alejandro,BABY HELLO,2SOvWt6igzXViIjIiWNWEP,89
352,YoungBoy Never Broke Again,Bitch Let's Do It,3EN9CgupFLmuwmHYUPq0ny,74
353,Falling In Reverse,Watch The World Burn,4CiVz4bw7X1zjCaJ5ZwxUS,79
354,Elle King,Lucky,6DE1vkPkMn2I77360IBb8t,73
355,Odetari,YOU'RE TOO SLOW,5EloqweGioDEbqiGXTYWgE,79
356,Dua Lipa,Dance The Night,11C4y2Yz1XbHmaQwO06s9f,82
357,FIFTY FIFTY,Cupid,5mg3VB3Qh7jcR5kAAC4DSV,84
358,Post Malone,Socialite,3ZcJaN63FKEMxDWWPefsiW,77
359,Tainy,PASIEMPRE,5NhLA2P7AiV3cloVmwtwLS,85
360,Summer Walker,"To Summer, From Cole - Audio Hug",2f86Ae3R4OKAu1lEIqouih,77
361,Luke Combs,Love You Anyway,2kYevr8cbIAH2ha8210Bnz,75
362,LE SSERAFIM,UNFORGIVEN (feat. Nile Rodgers),51vRumtqbkNW9wrKfESwfu,86
363,CHINCHILLA,Little Girl Gone,5OLcsBO28uWHMzS0EEeZNp,79
364,Hozier,Eat Your Young,2Jw3VjB1xy5KHBqEeAC6VK,74
365,Eslabon Armado,Quedate Conmigo,2lqHosXoRrzxh42th6Mi7a,78
366,Gunna,ca$h $hit,48rsYvIQXUAtxcmIoStOaM,77
367,Conner Smith,Creek Will Rise,5owS9iWWGd6mDlFjUFzBsw,74
368,ATEEZ,BOUNCY (K-HOT CHILLI PEPPERS),5KyOUICJIvO0z71MBdPGiX,82
369,The Weeknd,Die For You (with Ariana Grande) - Remix,4W4fNrZYkobj539TOWsLO2,86
370,Calvin Harris,Desire (with Sam Smith),22dUzMFttcR3uU17NcOAIv,85
371,Morgan Wallen,Whiskey Friends,2ewSCWOL7EAjgmgqfI1UlS,73
372,Lil Yachty,drive ME crazy!,6luBKkFUt5wTwz7hpLhp12,76
373,Grupo Frontera,EL AMOR DE SU VIDA,435g6uM0Atz3MyYwafHEss,84
374,Anuel AA,Mas Rica Que Ayer,3XjvMZqm2AQ8thMCD6w9w2,85
375,Jimin,Set Me Free Pt.2,59hBR0BCtJsfIbV9VzCVAp,83
376,Nicki Minaj,Barbie World (with Aqua),2tQG2nFEHhWsH05kFKlC4A,79
377,Sebastian Yatra,VAGABUNDO,1MB8kTH7VKvAMfL9SHgJmG,90
378,Ashley McBryde,Light On In The Kitchen,2GAqIzPU7v3kfvY4hZQ9jm,73
379,The Kid LAROI,Love Again,4sx6NRwL6Ol3V6m9exwGlQ,80
380,IVE,I AM,70t7Q6AYG6ZgTYmJWcnkUM,86
381,Noah Kahan,No Complaints,52DudaVZObvmBgEX6IObHX,74
382,Morgan Wallen,Neon Star (Country Boy Lullaby),1GiwvmI57OTGcKGNigZFJb,73
383,Post Malone,Joy,4kD3OqYqX2kJCUTEscRBxO,71
384,Tim McGraw,Standing Room Only,6BOP0cv1eeXcvi1oE8bDVZ,73
385,The Weeknd,Double Fantasy (with Future),4VMRsbfZzd3SfQtaJ1Wpwi,82
386,Teddy Swims,Lose Control,6usohdchdzW9oML7VC4Uhk,76
387,sped up 8282,Cupid – Twin Ver. (FIFTY FIFTY) – Sped Up Version,3B228N0GxfUCwPyfNcJxps,83
388,Dan + Shay,Save Me The Trouble,7hZTywPKMdVjJzwdWu11BK,74
389,Lil Uzi Vert,Werewolf (feat. Bring Me The Horizon),3ySqZ8yGoh4Emi9HiPCCdP,76
390,"Tyler, The Creator",SORRY NOT SORRY,410ZZP746AQeiywhKvXWCo,76
391,Yandel,Yandel 150,4FAKtPVycI4DxoOHC01YqD,87
392,Post Malone,Speedometer,5oJw81e2Tzr2rC0lHXnDPb,77
393,Lil Uzi Vert,x2,3a36nM6fPVA8K1vqq6d03o,75
394,Dominic Fike,Think Fast (feat. Weezer),4Z59a9hIn8EMsni3OiqGso,75
395,Lil Uzi Vert,Just Wanna Rock,4Ls53fBNVfaXTROBi6X8Hw,77
396,Bad Gyal,Chulo pt.2,0J9g1MMJDhyvOb3NWckHMm,88
397,Feid,Niña Bonita,3Gs7mVfWKl567mjozgxmXv,87
398,Taylor Swift,Karma (feat. Ice Spice),4i6cwNY6oIUU2XZxPIw82Y,79
399,Peso Pluma,ZAPATA,3CEk3KwDixeCKOVPacup7L,80
400,Dominic Fike,How Much Is Weed?,44KWbTVZev3SWdv1t5UoYE,75
401,Metro Boomin,"Home (Metro Boomin & Don Toliver, Lil Uzi Vert)",2qlBAT108lYOzlXhBxBqEv,78
402,Rauw Alejandro,LOKERA,1aUq8rjW1EwkAkMri4VfJy,81
403,Lil Uzi Vert,Crush Em,11pn4LFXCIXyprWQk8RSlM,75
404,Post Malone,Something Real,373nrXuYab2ryFwNjHDLxZ,69
405,Peso Pluma,ROSA PASTEL,4yjeRuoVickg1G87LWeRes,79
406,Shakira,Copa Vacía,2iVgM5C7m1G4CJGbms301G,87
407,Lil Durk,Cross The Globe (feat. Juice WRLD),52WWw9qNZXZZtWU336TtKG,75
408,Morgan Wallen,I Deserve A Drink,7u2iWRkkz8GBYFe4apxVBl,73
409,Cole Swindell,Drinkaby,3lg4wfPFpFLapRp2SiQQGd,73
410,Lil Uzi Vert,Patience (feat. Don Toliver),05grSYrVwYw58YMOdJceyz,74
411,Odetari,I LOVE YOU HOE (w/ 9lives),0NaUT74rJ0NHS62fewzatU,77
412,Peso Pluma,LAS MORRAS,0lc2neV7ZzjZExwCIVG2B3,78
413,BigXthaPlug,Levels,6hgTMdO3CyXlNQJ1K58ruH,72
414,J Hus,Who Told You (feat. Drake),40EXFgNMOIQRQOwJZ8mJkC,85
415,Kali Uchis,Muñekita (with El Alfa & JT),4PzxlHzDM3bDafkHjg1XCX,77
416,PinkPantheress,Angel (From Barbie The Album),0CpfO9VNiW0OGIaZO6zO3n,78
417,Post Malone,Texas Tea,0cuNKdwaFrDJ4G1hYxI6aI,76
418,Maluma,COCO LOCO,3kmWIej9tXjSWWYc9tPjJk,87
419,Lewis Capaldi,Wish You The Best,3gdPwk2wyOXNRnTA1KXnEr,85
420,Post Malone,Mourning,5NsdWdkHR3AScw6EKj51CA,68
421,Post Malone,Chemical,0lZZebcSfJdm5LhDRtE0jx,68
422,John Summit,Where You Are,4qDpLaFGf5ampf2DXD2TMA,79
423,Post Malone,Too Cool To Die,4Q9r41IbGhNCTdgjxH9w8t,68
424,Peso Pluma,SU CASA,1tGGJ4SRZnd2H0E2dV05iM,78
425,LUCKI,2021 Vibes,6TJaoJX8VhptZ0DkcsjWaR,73
426,Sleep Token,The Summoning,0S38Oso3I9vpDXcTb7kYt9,75
427,SZA,Kill Bill (feat. Doja Cat),0CrcwVLUe8wzLUIXgjXVZJ,77
428,Natanael Cano,Mas Altas Que Bajadas,5PLqXnvHH7Gh6CcfiUEr7e,84
429,Post Malone,Novacandy,0RouqUmBBafKBAH3TdIm8l,67
430,Jonas Brothers,Summer Baby,3FyfTh70PkgooRDe4SNP0U,77
431,Ludwig Göransson,Can You Hear The Music,4VnDmjYCZkyeqeb0NIKqdA,81
432,Michelle Maciel,CCC,7uuqrSuCjWxPTCVyOeGMyt,84
433,Luke Combs,Where the Wild Things Are,0eBFgRxyVSeuT4iyrbukdn,75
434,Niall Horan,Heaven,5FQ77Cl1ndljtwwImdtjMy,81
435,Ava Max,Choose Your Fighter,7lcuUkp4LjPflvzPjemDzw,79
436,boygenius,Cool About It,5PJH1U5Iie893v48Fl9yaC,76
437,Peso Pluma,Rosa Pastel,4LreWoO3cpgiIfrRwbOUSF,81
438,Grupo Marca Registrada,Di Que Sí,0pliiCOWPN0IId8sXAqNJr,78
439,Noah Kahan,Paul Revere,1dHtMSJ1Ozg2Ja6GX4McAO,73
440,NF,CAREFUL,7FET9gtiECWn7llt0sfvtU,75
441,Jack Harlow,They Don't Love It,2dSKFFNoNXKo3hPnlwUdPe,77
442,Peso Pluma,LA PEOPLE,1RzjXhgnzqb3dMa5852itx,78
443,Post Malone,Don't Understand,72khpWnaVccMIEfJNLbzf4,67
444,Manuel Turizo,La Bachata,3tt9i3Hhzq84dPS8H7iSiJ,86
445,Melanie Martinez,EVIL,6UW10CbMTvqciT3X3Ldeox,77
446,Post Malone,Sign Me Up,35PZZmwJIEvwfI4z1nMXRI,67
447,Tyler Hubbard,5 Foot 9,0U4iRayct65wsaBMQGiLbg,73
448,Jonas Brothers,Waffle House,5iE3eUH2WGCXcE2xr6DEmU,79
449,Noah Kahan,"Your Needs, My Needs",5S9hlmzNQwZuhynLfxZ8Lg,73
450,Luke Combs,5 Leaf Clover,52ChYmfu792MW2Ezv0whpk,74
451,FIFTY FIFTY,Barbie Dreams (feat. Kaliii) [From Barbie The Album],7njDhlprmHJ1I9pM0rxMON,80
452,Gabby Barrett,Glory Days,7qaMlLPdwNiiU1Uiy1oAdO,72
453,Lil Uzi Vert,"Mama, I’m Sorry",5V5Xpbmqi2rp1xSJWZTvYu,74
454,jnhygs,SHAKE THAT SHIT!,0zPlzJewGJ8iIxia2bEWDN,76
455,Sam Smith,Man I Am,28NzgzNmoHRsFKihGxpmmV,78
456,Post Malone,Overdrive,71snOgSRnUsYu2G74VBy40,66
457,Ed Sheeran,Eyes Closed,3p7XQpdt8Dr6oMXSvRZ9bg,85
458,Morgan Wallen,Born With A Beer In My Hand,1BAU6v0fuAV914qMUEESR1,72
459,Post Malone,Socialite,37MvrBi4UHnb1BjRVTysWm,66
460,Lumi Athena,LET ME SEE YA MOVE!,5z6IuFSIc3OrZGDC2Q9icP,77
461,Lauren Spencer Smith,Bigger Person,2Kqw2ECnErSCU9bxPSVgGx,78
462,Post Malone,Enough Is Enough,1jekKGHnTIFpOIVRzlbJOW,66
463,Brothers Osborne,Nobody's Nobody,1Q7kOSZkgeCkVpWRmNBAcI,72
464,Cartel De Santa,Shorty Party,55ZATsjPlTeSTNJOuW90pW,85
465,ZAYN,Love Like This,3P9pRL7V9yM9DhY6NGZjzA,83
466,LIT killah,Los del Espacio,1Hs1uUl8o2VtDp1DABFq0O,93
467,Jung Kook,Seven (feat. Latto) (Clean Ver.),50Af7YTMHGNbYyvgofTAGf,87
468,Post Malone,Speedometer,07MXbWeFj8wrdLVvLCnzWw,66
469,Lana Del Rey,Peppers (feat. Tommy Genesis),2Rlso2ZNV0PaWwUYeeBYxx,80
470,$uicideboy$,Not Even Ghosts Are This Empty,7rzNKooM3JrKVT40fR22HI,71
471,BLP KOSHER,Special K,20LjVwLgn8EaT2LvEoK0Nl,73
472,Hozier,Unknown / Nth,0yyQOpUfKMOg1JpFQi2reh,72
473,Kali Uchis,I Wish you Roses,35SbrfbaSpGUBX7e5BPega,75
474,Chencho Corleone,Un Cigarrillo,4k7CNPArKLf4QuvGfMeHDk,81
475,$uicideboy$,"A Little Trauma Can Be Illuminating, And I'm Shining Like The Sun",4sX6GorfHFAy9UdJM00c3v,71
476,Post Malone,Buyer Beware,6wOmmoM5nyS6mOyzo9wDjC,76
477,Post Malone,Texas Tea,38qzuxvgmEEtlKIE9jDJWK,65
478,Kelsea Ballerini,Blindsided,65gLItuJFVkdt3k4ibQMAz,72
479,$uicideboy$,"Six Lines, Two Dragons, and a Messiah",4Xid2bPvFoMcwp6NeUT2Ap,73
480,Post Malone,Hold My Breath,4qtxILwBcAHEHbG7R0xF4r,75
481,Dylan Marlowe,Record High,7KTouudlySEWXOWHAuFAFv,72
482,Post Malone,Hold My Breath,0HS8nptHdSq4SB1tAHcDQF,65
483,Jimin,Face-off,3OdIiWnYRHPYtC313Z0Bwy,81
484,The Weeknd,"One Of The Girls (with JENNIE, Lily Rose Depp)",7CyPwkp0oE8Ro9Dd5CUDjW,84
485,Metro Boomin,"Link Up (Metro Boomin & Don Toliver, Wizkid feat. BEAM & Toian) - Spider-Verse Remix (Spider-Man: Across the Spider-Verse )",0y8Pu7x5jXgUjOIJvQIF5L,79
486,Post Malone,Buyer Beware,3ImFFwUPvzvqh9A00FRpAE,64
487,beabadoobee,Glue Song (feat. Clairo),0tMMPZEt6Gyrl9FI8zSicm,78
488,Post Malone,Landmine,6RFQBhkNheX5McADjusfjB,64
489,Post Malone,Laugh It Off,1UdagWdhnDqK9a0aWQpReY,65
490,Sam Smith,Unholy (feat. Kim Petras),0NZPBYD5qbEWRs3PrGiRkT,83
491,Ryan Gosling,I’m Just Ken (From Barbie The Album),7jPdqwZug0ovtDZsY5uK4T,80
492,Young Thug,"Wit Da Racks (feat. 21 Savage, Travis Scott & Yak Gotti)",0r75DNlHu4recmKUdZeMfG,75
493,Post Malone,Landmine,6Sjg6cp8yXtKX5DrcEl7HV,75
494,KAROL G,CAIRO,16dUQ4quIHDe4ZZ0wF1EMN,82
495,Don Toliver,"Givin’ Up (Not The One) (Don Toliver & 21 Savage, 2 Chainz)",0KoBrntyQ2x6Y1eZwgGe5P,76
496,Lil Uzi Vert,The End (feat. BABYMETAL),07TSrx1BDK6twM9avkYzbe,75
497,Brray,Corazón Roto - Remix,6k5wiT5l9DK8iZmhvEvoqo,86
498,JISOO,FLOWER,69CrOS7vEHIrhC2ILyEi0s,81
499,Post Malone,Green Thumb,0onScSO7HtUxKaqxtj0X23,63
500,GROOVY,jersey luv,2Z2MAil7tpZhHOB2noIJUd,74
501,SEVENTEEN,Super,3AOf6YEpxQ894FmrwI9k96,85
502,Lil Uzi Vert,Nakamura,2lophWrG2xqv9CSgSPca5k,73
503,jnhygs,JERK!,6FRiFD0r9Mnv9VFnW4A7wB,75
504,Lil Uzi Vert,Zoom (Bonus Track),3VFGA65JnN8EDmnRb5SHW2,73
505,Lil Mabu,RICH SCHOLAR,2hsNdc8rDVN2O5QOxbGayy,74
506,Nicky Jam,69,13Z5Q40pa1Ly7aQk1oW8Ce,83
507,Morgan Wallen,Good Girl Gone Missin’,5LisHkYlpdkqNYl1HZ5cKd,72
508,Post Malone,Laugh It Off,26EjM7ZMAnWOKPAuKNOX24,76
509,Morgan Wallen,180 (Lifestyle),4Q6LSSmQwn94hioXfvzdbU,72
510,Natanael Cano,AMG,1VvoSJiPG9dFsDQjTkACvG,79
511,Luke Combs,Love You Anyway,3qXsX3mYSsD1DmAvc3PE3N,73
512,Labrinth,Never Felt So Alone,6unndO70DvZfnXYcYQMyQJ,78
513,Tigirlily Gold,Shoot Tequila,6nTul7GTW3DInboBkJvvHw,72
514,HARDY,wait in the truck (feat. Lainey Wilson),49GYvCcvMQq1SY3f7Y347h,71
515,CORPSE,CODE MISTAKE,39iRz0h1eZOyXzch8tKQit,77
516,Dominic Fike,Mona Lisa,71DSaeKtXQaMAqnvMT7Uoc,75
517,Ed Sheeran,Life Goes On (feat. Luke Combs),63kLorCFyk4ZHMHPhcWOtO,77
518,$uicideboy$,Finding Shelter In My Larynx,7FzP0ZPkQZpV5rauVyb7R6,69
519,Don Toliver,Embarrassed (feat. Travis Scott),6w9GrSUaQQIaMBYtabge7p,76
520,Victoria Monét,On My Mama,1o8Z7GD1CeOaVBEyuzu4HO,72
521,Kapla y Miky,LOS CULOS DE MEDALLO,2CvfXjMfoheLIdjlkIBjXA,76
522,Chris Janson,All I Need Is You,02FAxAwzApe6pAqfAL3dLr,71
523,Paris Paloma,labour,2Ggr9IfS70wYQacW8nZKPG,77
524,Jelly Roll,Halfway To Hell,3EON33SUQai62FI5Sv0gPT,71
525,Jonas Brothers,Waffle House,4inPxqHrj9VmjLx5JCDCV4,75
526,Chino Pacas,Negro Como La Pantera,1QpM1kB7sggMOBuWUNUnfg,76
527,Kelsea Ballerini,Penthouse,5rCt377EMkCJ0D0sldd5t8,73
528,Offset,Danger (Spider) (Offset & JID),3X6qK1LdMkSOhklwRa2ZfG,76
529,Joyner Lucas,Cut U Off,2YIIpDEKJv6OUc7u9tVT7I,73
530,KAROL G,MAÑANA SERÁ BONITO,4bycD60yZgR6anIBtmU8UH,79
531,Lah Pat,Rodeo (Remix),035MzEbx4z2DxuRDymHXbv,78
532,Lil Tjay,Bla Bla (feat. Fivio Foreign),1xHcIJHIHwr2PUyTmFTWTy,75
533,Dominic Fike,Hey Blondie,0hABacr1yTSleOlPKpIWBb,77
534,Tame Impala,Journey To The Real World,43evTNhnbi70nlOVZ8Q5sK,77
535,Dixon Dallas,Good Lookin',1BHse4ulQefGTZZIeziZqr,73
536,Kanii,Heart Racing,2xkCK64mVslpApVL7i6Mxj,74
537,Muscadine Bloodline,Me On You,1wwjfgCUXaupR7q3tv6ZXN,72
538,Pecos & the Rooftops,This Damn Song,7hSdspr7RBzq8VYOSVwALb,70
539,Moneybagg Yo,Motion God,4FpgCVHDfwcHQ17hJ9SyuL,71
540,Jimin,Set Me Free Pt.2,1fpj1CJPxY3YvN3AMAEYvt,80
541,Lil Uzi Vert,Amped,2ydwqnjPOcM24MV0kLThwi,73
542,Morgan Wallen,Me To Me,3CqT9ajcy6pY7TonEPiV4H,71
543,Falling In Reverse,Last Resort - Reimagined,73GKs8oNFFmtomWj7EsSU0,76
544,Gucci Mane,06 Gucci (feat. DaBaby & 21 Savage),4mWbFYZ9P14Ulf1LIFZGhH,73
545,Agust D,Haegeum,4bjN59DRXFRxBE1g5ne6B1,86
546,Young Miko,ID,0crVjW9Jz8ktVuVXoUi187,82
547,Bailey Zimmerman,Where It Ends,0wXThIDxO3YRJCpPgnmbkw,71
548,Kodak Black,"Angel Pt. 1 (feat. Jimin of BTS, JVKE & Muni Long)",4g1Ant3Me43Cm5Lx91bV8e,78
549,SNOW WIFE,AMERICAN HORROR SHOW,38RLObegC9ggpKPRVQDc1g,73
550,Jorja Smith,Little Things x Gypsy Woman - L BEATS MASHUP,6xp1u6ZEHXX8DxJIFFrVoP,82
551,Post Malone,Something Real,2UKRCyCoUNIfSITfHyqFxN,58
552,Malcolm Todd,Roommates,1PJe0Vt9p0QaV4ZNHUwml0,73
553,Morgan Wallen,Devil Don’t Know,2PsbT927UanvyH9VprlNOu,71
554,Sabrina Carpenter,Feather,2Zo1PcszsT9WQ0ANntJbID,78
555,d4vd,Sleep Well,5ye1TParxcolbnNsOXO8qE,80
556,King Von,From The Hood,7jVMNHk15YGRHRXYFoCXK8,74
557,6YNTHMANE,BRAZILIAN DANÇA PHONK,6yVjjQA31SLM1kc4j5jPwF,85
558,Jimin,Alone,5Hfnps0jaWFpYg55WOPexG,79
559,Morgan Wallen,Single Than She Was,12BjylmI6NS7ydikIzbuD0,71
560,j-hope,on the street (with J. Cole),5wxYxygyHpbgv0EXZuqb9V,82
561,Shakira,Acróstico,7txjUEY6McJDJKqIo1Rxjp,86
562,Natanael Cano,Pacas De Billetes,3IMuuBcKSeFqQSlF2XluA1,81
563,Morgan Wallen,Me + All Your Reasons,68eDGmSTQgxJde9JTG7b71,71
564,Trippie Redd,Last Days,6m63k9onxYHiugyMIy2jjg,73
565,Nardo Wick,Hot Boy (feat. Lil Baby),31yydnZnSeCwkRPY7tlgQJ,72
566,LECADE,Sober Me Up,6W2k8I5gQGFZNQ1n97sCFV,71
567,Morgan Wallen,In The Bible (feat. HARDY),2aw1aEAxMe05MZIS5XiK8U,71
568,Lil Uzi Vert,All Alone,6kHYpEnDpMCyGu0E2PlWY1,72
569,LUCKI,Leave Her,0MZGwYb5mTATbmoi671wEg,71
570,Post Malone,Landmine,03hFV2fW04ms5oSguLYn5r,53
571,Post Malone,Don't Understand,6jeqJ8xsLGTLOjWDmqUKST,53
572,Post Malone,Joy,76mpUGOKUvsuXlQW6zyiAq,52
573,XG,LEFT RIGHT,3v5o91PrUtf0nmO6j8J7dZ,78
574,OHGEESY,GEEKALEEK (feat. Cash Kidd),2f9JzwRy6Ofr5ixvN0ojKt,71
575,Key Glock,Presidential Rolex,23L1gQJjtlZMrZPZvluyQe,72
576,Post Malone,Chemical,0Jd8HeZ7wQj5yFiv8uOn8Z,52
577,Post Malone,Too Cool To Die,6Hh4mzpHNgR5RARs0UKcA7,51
578,Post Malone,Novacandy,3Ne6cVRJbwjOjPnrL4NwNp,51
579,Post Malone,Mourning,6jxdokUWVI1HgXa5Fq7eU5,51
580,KAROL G,GUCCI LOS PAÑOS,3CNbrXrUrEARw8zeKNCdYo,78
581,aespa,Spicy,1ULdASrNy5rurl1TZfFaMP,82
582,Post Malone,Green Thumb,04J9hE3RhAsecsgVWl70jW,74
583,Post Malone,Sign Me Up,0olCccZdt4cFfZ3ZjKniye,50
584,Post Malone,Texas Tea,0MUuho8IIZ8GuxWmdKuuZh,49
585,Peso Pluma,77,6jUgruwAzfIA3HUQIO3wCR,76
586,Post Malone,Overdrive,6bmYjodoQMTaoK7TifQe8l,49
587,Post Malone,Enough Is Enough,1KO15YSzZg21OEnXYqtvrb,49
588,Post Malone,Socialite,3lhXMu5mPKet9jio3yjFy4,49
589,Rema,Calm Down (with Selena Gomez),1s7oOCT8vauUh01PbJD6ps,82
590,Post Malone,Speedometer,2I6PJpODOflnKiqTlCNtYw,48
591,Post Malone,Hold My Breath,0b75cHNCwP72ooABvfUogA,48
592,Post Malone,Laugh It Off,75gdytuGJZruJot1r8PVmY,48
593,TAEYANG,Shoong! (feat. LISA of BLACKPINK),5HrIcZOo1DysX53qDRlRnt,77
594,Kelsea Ballerini,Mountain With A View,2fBvSCdG3lDjImqJvnYtvq,71
595,Post Malone,Buyer Beware,4BpdZgLdNwDsTzJO08WcII,47
596,Lil Uzi Vert,Fire Alarm (feat. Snow Strippers),02Mqx9HzVRyfdCUpPNR6N3,72
597,Panter Bélico,Punto y Aparte,7z2Z8mwfsoMnNArKB946gU,80
598,Brenn!,4runner,1RaF9xwakfao1RRknWyYB5,78
599,Post Malone,Green Thumb,4sLsE5Swgxm6jByE6lGNeH,46
600,Sleep Token,Take Me Back To Eden,2Gt7fjNlx901pPRkvBiNBZ,73
601,NF,HOPE,12cZWGf5ZgLcKubEW9mx5q,75
602,DJ Khaled,"SUPPOSED TO BE LOVED (feat. Lil Baby, Future & Lil Uzi Vert)",2buC0ru4cVutdUhxIjH9Bj,73
603,Morgan Wallen,Outlook,3uKJ1sSJXGLCMItH0YNPkh,70
604,Don Omar,Podemos Repetirlo,0If7xxzqs7Dv1SSO2MFKXF,80
605,Yeat,bigger thën everything,11B7WTuoInwUvuP1BnnGWW,74
606,Bryan Martin,Wolves Cry,7yyRhjoCsdt5dDpFz2CImD,71
607,Morgan Wallen,Hope That’s True,2Ej3iV0nulryy9S3UQvjSx,70
608,Lay Bankz,Na Na Na,6G4ICKUrsPb117ULGyrQ5N,74
609,Doechii,What It Is (Block Boy) (with Kodak Black),1O8zCu3dLLPxkbGfIsbRgE,81
610,Daniel Caesar,Always,2LlOeW5rVcvl3QcPNPcDus,85
611,EI8HT,Silk & Cologne (EI8HT & Offset) - Spider-Verse Remix,5Lv5L45PQmp5CTjs5PlQ6e,76
612,Labrinth,The Feels,3l3iCfpZsxbxWJhYoiQNkD,77
613,Tainy,mañana,6eSlDHA3XYLha1e0z8I9DO,79
614,Lil Uzi Vert,Endless Fashion (feat. Nicki Minaj),3CAGXG368w5JLVJkK8jpvi,59
615,6arelyhuman,Hands up!,0Vqaw7CxyURWaRI9gNJthb,76
616,Morgan Wallen,Tennessee Numbers,5NzfnUyVaNrxa2VtoyBWlR,70
617,TOMORROW X TOGETHER,Sugar Rush Ride,0rhI6gvOeCKA502RdJAbfs,80
618,Gunna,bread & butter,6GoVUO5vla1JtUj2rq9Yl4,74
619,P!nk,TRUSTFALL,4FWbsd91QSvgr1dSWwW51e,82
620,Lil Uzi Vert,Died and Came Back,6kQF79mjbOkvuRvg0J2XZv,72
621,Morgan Wallen,Tennessee Fan,7ya4zrCKDslIfrztqglRIP,70
622,Jung Kook,Seven (feat. Latto) (Explicit Ver.),3t1TAfnoXfnMclelI70UaX,86
623,jnhygs,XTAYALIVE,1JjiTsqfpfMoukoIW9cM5O,75
624,XG,GRL GVNG,5OqMZ8In8CkCa0SbknnDPl,79
625,Grupo Marca Registrada,Princesa,1JhGcvVRdJoteIf56GkGwf,74
626,ZEROBASEONE,In Bloom,3F4lHPNHlvr3RpO4tpVOIs,78
627,Bring Me The Horizon,LosT,5BgnL6gHauuvxe4Ok6W1aC,79
628,Usher,Good Good,0J1YRLYhTG1MBosjidD7OI,74
629,Loud Luxury,If Only I (feat. Bebe Rexha),4W7bfpXBXrH79dnWyJMkEX,73
630,Trippie Redd,KNIGHT CRAWLER (feat. Juice WRLD),3fNMgjG8yXaSam46swhz7w,72
631,NF,HOPE,0EgLxY52mpGsXETyEsgVlP,74
632,Olivia Rodrigo,vampire,4OC6qCqVMscZLBMnLTsVyg,74
633,sapientdream,Past Lives,3oELxRDbAzyvOodhd5FQzB,78
634,Young Miko,wiggy,4xU4XeklG562EnanWzpY3A,84
635,Lil Uzi Vert,Patience (feat. Don Toliver),6RqtEJNI6pEiVaAlPeyr0R,56
636,Lana Del Rey,A&W,5nW4z3pfZgJAJ2QTCz9AIE,78
637,Lil Uzi Vert,Died and Came Back,7ybFQdcjpyVJTfXWcbfUIQ,56
638,Babyface Ray,Ron Artest,4Wlz0HsHZlJy0NDK2h6jq6,70
639,Carin Leon,Primera Cita,25OeKzcqakFPaJlXHPE5lm,83
640,BigXthaPlug,Texas,2p5La0D38fkvhobrC1HRCU,69
641,Mitski,Bug Like an Angel,7JXl7bdGiIuSlRKAVoZopE,75
642,Diplo,Heartbroken - Jessie Version,60bbiP93CSxmLibuwvxay9,70
643,Gabito Ballesteros,Ya Corazón,49lbKqbCI8SmJfW64OYXGZ,79
644,Gunna,bottom,6WKh2qSTswuv8QG60Wu29F,73
645,Lil Tjay,2 Grown (feat. The Kid LAROI),5ybZcAwqUF7i9gwABLeXzs,76
646,Lil Uzi Vert,All Alone,6HolTmOxumWZPeUGhkOATZ,55
647,Lil Uzi Vert,"Mama, I’m Sorry",3ltFYcrNqh7xkHORV5l6lm,55
648,Feid,VENTE CONMIGO,4zzyCocu8LZVqctOGSfVKz,81
649,Lil Uzi Vert,Rehab,6AHVNqM6sHeB9cEumkQ0J8,54
650,lucidbeatz,Let U Go,40TZnaw4eDPChJNHw2Swf3,77
651,Noah Kahan,She Calls Me Back,1KUINfIgNjnttphTi4imgI,71
652,Odetari,DOUBLE TROUBLE,0EvsatxXGGHUxaAlksEeNK,74
653,Odetari,I <3 LATINAS,5ZYc494Yhj18o8nbG777LV,74
654,Sam Barber,Dancing in the Sky,1M0POGmdV86bx026Ky2ip8,71
655,Cordae,Two Tens (feat. Anderson .Paak),6clDsO8HwhHEgJDDp88VdL,73
656,Lauren Spencer Smith,That Part,7vfCm8tEWV9lCpyY1nvJVB,78
657,FISHER,TAKE IT OFF,7zp9FOU4cjFdGN1zdWTvcB,76
658,Morgan Wallen,Last Drive Down Main,3NsqLy0x8l9VyNfOHQTNHs,70
659,Morgan Wallen,F150-50,77kye8TttXpEbvgoiVjZdo,70
660,KAROL G,MI EX TENÍA RAZÓN,7mLPSkAJraASgNk6ywyTkp,80
661,Davido,UNAVAILABLE (feat. Musa Keys),2kaH2Z8ezDUKf6fNw250rZ,83
662,Lil Yachty,Slide,00rMGQGXFeY2VQTrg7SWde,72
663,Rauw Alejandro,CUANDO BAJE EL SOL,4OVHxReloGwGriqVFF2M79,77
664,Young Thug,Parade on Cleveland (feat. Drake),05CTjmZKjZoCKQvM1Ldq9M,73
665,The Kid LAROI,Forever & Again,2pdbNPIBRuAyspK97Blj0a,76
666,Lil Yachty,SOLO STEPPIN CRETE BOY,7CIvyuVoWcY0LgUYa1aR5J,72
667,Morgan Wallen,Keith Whitley,1vcJdUJDM2NVXBsGncmLyh,70
668,KAI,Rover,3WUyu94psXrYV6HZbXgcFA,81
669,PARTYNEXTDOOR,R e s e n t m e n t,4HISFDmENrT1reZ5nMUe4l,73
670,MISAMO,Do not touch,1w6b63TmaXFk1jhPOY0FkY,78
671,Jung Kook,Seven (feat. Latto) (Clean Ver.),4yk9mD1iZpUg2HE3z9HhdP,85
672,Jessie Murph,Cowboys And Angels,6HhZDGrpQuj2iLiN1JCpyl,71
673,PinkPantheress,Turn Your Phone Off,6htWGNhskc5f0Xke88Vn5z,74
674,Tatsuya Kitani,青のすみか,12usPU2WnqgCHAW1EK2dfd,84
675,Lil Mabu,On The Radar Freestyle,1K0gaqpmv9pWtIWZl4EcAG,72
676,The Kid LAROI,Forever & Again (From Barbie The Album),6Ky8ROf2VWY5vwoGfMet7x,76
677,Lil Mabu,TRIP TO THE HOOD,2Tzmhv6ONBv2lULdPDNwUK,72
678,Juice WRLD,The Light,6j5BK1cFX9TjJd5EXHGgAn,73
679,Lil Tjay,Stressed (feat. Summer Walker),2mNaugzeRDyAq991bw4nqv,75
680,Grupo Frontera,EN ALTAVOZ,6L2wWlVVD6R2bczNdnSqKr,77
681,Lil Tjay,Project Walls (feat. YoungBoy Never Broke Again),0m9cSkuwYOCUWCf48IS5ds,74
682,Carin Leon,Ni Me Debes Ni Te Debo,3Zin1vaMx7PjFWIOBTE4FM,83
683,NF,RUNNING,1l0wPhFZP1kWkZNQrrYrGy,74
684,d4vd,This Is How It Feels (with Laufey),6BQPRUFGHsgtNYJxuwhktR,74
685,Jung Kook,Seven (feat. Latto) (Explicit Ver.),39mR7R6oZOa1K9deHnOKqE,84
686,Jessie Murph,Always Been You,53UMRr4KOgZP5Ins0aGlhs,74
687,Gunna,back at it,1h0rVgfuKa6V9DkVSLAc4Q,72
688,Sha Gz,New Opp,2TeC1gKpfWDJYwFf6udy6k,72
689,Post Malone,Chemical,3wq05QSYoyFgNMKQVhoBaK,5
690,Bailey Zimmerman,Get to Gettin’ Gone,3C3ooMrQyhr0gouukZTGz4,70
691,Jelly Roll,She,3lz2xoHZPbYSFVtQf8jMic,69
692,Feid,Classy 101,1hXA7KeqhfvQz4AXVhL7ge,5
693,Feid,Niña Bonita,3c4eWAk1weGtVhWRpLg9oB,2
694,Feid,CHORRITO PA LAS ANIMAS,4swhRuzr83VtccFhgVz2i4,3
695,Grupo Frontera,un x100to,4QctbZRsuWYPT0pbKg7u75,77
696,Post Malone,Stay,2FUEzorGC5u0KnWh5IGNuS,6
697,Post Malone,Chemical,0f2KTrvhvkj3ZrzcCyhXUK,4
698,Post Malone,Circles,17H2Vyaa3dc2ereYV7n8EF,3
699,Post Malone,Enough Is Enough,5b3abRpV1se47qJhQsiUSg,0
700,Post Malone,Sunflower - Spider-Man: Into the Spider-Verse,2uoeaPg22tLlcqO2laiTTk,0
701,Post Malone,Sunflower - Spider-Man: Into the Spider-Verse,40imUUClz4757Llly7o7EJ,0
702,Post Malone,Sunflower - Spider-Man: Into the Spider-Verse,15udQMw3sd7xeh1WOM0An5,0
703,Post Malone,Sunflower - Spider-Man: Into the Spider-Verse,16XDnsoTQIPCMSqVue0zzJ,0
704,Post Malone,I Like You (A Happier Song),7uKnpZHyDYkGopuJWrZedZ,0
705,Post Malone,Sunflower - Spider-Man: Into the Spider-Verse,3bFtVumtNpb9hyjNjmtlfR,0
706,Post Malone,Sunflower - Spider-Man: Into the Spider-Verse,1ajpbVp3xruL0r5CYt3yVe,0
707,Post Malone,Sunflower - Spider-Man: Into the Spider-Verse,3eZVqIBOt7lsAJaPohYq4x,0
708,Post Malone,Sunflower - Spider-Man: Into the Spider-Verse,14Px8BOOc0j3TuLZzTzKlX,0
709,KAROL G,PERO TÚ,1dw7qShk971xMD6r6mA4VN,79
710,NBSPLV,The Lost Soul Down - Slowed & Reverb,5XtsfMFmpM401S6dbVaOQw,80
711,Natanael Cano,Eres,6GM5l4aJ9aOhGStxODvNBm,81
712,Victoria Monét,We Might Even Be Falling In Love (Duet) - Spotify Singles,0wOtc2nY3NOohp4xSwOyTN,74
713,Junior H,El Patrocinador,7IPvreDoOx2OkR3Qu1G9aS,77
714,Feid,Niña Bonita,6xXdDGna5vrwyYJkG1CYfA,3
715,Feid,Perfecta,3a4DVaT5skhpC4rU4GXF1w,4
716,Feid,Niña Bonita,411CMs5ssNfwyElPH5olea,4
717,Feid,Classy 101,5MbGunkWBcgz4TmTKPjYBE,4
718,Feid,Feliz Cumpleaños Ferxxo,2YQVtCYsp5bCGV7d9jLIrt,3
719,Feid,BORRAXXA,76ndAct8EjrQXVjQzg1dHL,3
720,Feid,Sígueme - Remix,43BnBSDcLLFBRZUzYhjXaK,1
721,Feid,A veces,7nHF910xceCAtcMna4U4RG,1
722,Feid,PORFA,5vPa47LJDr4VlouBnjnfNa,0
723,Feid,Ferxxo 100,4nUJiTCofM81EUYgshPO5N,1
724,Feid,Castigo,6RsnlsekdyQEP62QlBgAx9,1
725,Feid,Classy 101,3Lw46EjYx2aJADoL2tCrhR,0
726,Feid,A veces,68nqzbQ5YCt1SBlZ8l34gH,3
727,Feid,Feliz Cumpleaños Ferxxo,78QVbeytt6YGo7bZYEcCpE,0
728,Feid,Niña Bonita,20KYd49aXSMpEgOUPd73PJ,0
729,Feid,TX VXS,5rObwYAJi02HXqcQp6VEhj,2
730,Feid,FUMETEO,2eSj18V3sz94S4wkESgEub,1
731,Feid,Niña Bonita,2qAUq2BVziin4Incp6RXcS,0
732,Feid,A veces,28qnPhgpsX6KJOwJQHby58,0
733,Feid,Niña Bonita,2XEvihI9QzJBdud8QsYeB5,0
734,Feid,Niña Bonita,0J2F3z3asPiGv8gaHv2muc,0
735,Feid,EL CUARTO DE FERXXO,07UWMOWG1B7z8Mhy5R0Nll,2
736,Feid,A veces,3uCUOyQiDJqK8qfMyIOFuR,1
737,Feid,A veces,4G2TJk6klgZOrH1IfZXOhx,2
738,Feid,Classy 101,4sLpFdUQfyQSSFs3V9um1o,0
739,Feid,RELXJXTE,4sLmtSGot39iElnIvh9u6G,3
740,Feid,911,3OK55FX6voncyB8QbxpkQO,0
741,Feid,Niña Bonita,1bV9RHWctEHpOnPXirzRh5,0
742,Feid,Sígueme - Remix,1Z6QHaCVEX2XGxRSamijbP,2
743,Feid,A veces,14KUaKGcFupnPyGU4QUjgT,2
744,Feid,Feliz Cumpleaños Ferxxo,7ttFjFfaRd5bdAzvf0fnFm,0
745,Feid,Niña Bonita,1oCbjOJbviLNLoGVXC9dlH,0
746,Feid,Feliz Cumpleaños Ferxxo,02vOsoOqxkFxehksA1Zk3A,3
747,Feid,Niña Bonita,37ksLPEaZfkv3b60ZyJki6,0
748,Feid,A veces,3mBU18H1MPcLWNOQOEm7Q7,0
749,Feid,Niña Bonita,0LpIATXIeztPUDPoYwyPIN,0
750,Feid,Niña Bonita,5NKaB8XLEz0hIuxeaTJT18,0
751,Feid,CHORRITO PA LAS ANIMAS,2fUM0S1bgFeXRSkLQ5p3vF,0
752,Feid,A veces,2MEXDxj4L4rvsCgH6SxlXD,1
753,Feid,Feliz Cumpleaños Ferxxo,2PKT3rqWHSARVSZTCiIQMg,1
754,Feid,A veces,2g3yoFxcF5Csj9z7M52N5B,0
755,Post Malone,Sunflower - Spider-Man: Into the Spider-Verse,095s0csAZU6JJ47vy8gtmw,0
756,Peso Pluma,77,7y2KhPccpkgRSMa3GDXjQq,76
757,Big Thief,Vampire Empire,0ToG55iJZCOzZkcpWbXxpW,72
758,Bailey Zimmerman,You Don’t Want That Smoke,5uPQjirx9C6MS47V556x46,70
759,Post Malone,Sunflower - Spider-Man: Into the Spider-Verse,0XlM8lTn6w7Pfys4sJcVVc,0
760,Noah Kahan,The View Between Villages - Extended,5ihBtaVVMqO5VqJA5wnmfy,71
761,Skrillex,Fine Day Anthem,6tifCCTIVBLC2TmTquYG7G,77
762,Kanii,I Know,2RkMSIqUdveO3p8KVpYBYI,73
763,Superstar Pride,PAINTING PICTURES,6KXKcH4QO1MiGrMQOGoADP,73
764,ROSALÍA,VAMPIROS,3Eax1yebRxj6LSYpxE9Yd3,79
765,Feid,Niña Bonita,167RwLHhl4rIL9tn0r4c2t,3
766,Feid,Niña Bonita,4TMiTu4maZgHFJKy7iO4nf,2
767,Feid,Niña Bonita,2BJOBXDJIgQzKYLendrDMm,0
768,Feid,Niña Bonita,275Efw9BxzxPb2LoEmSRI5,0
769,The Chainsmokers,See You Again,1wYTR3Hg5rBQcdfxGEdsx0,73
770,Young Miko,Lisa,44FzVABpR2cciquTqADA0D,82
771,Madison Beer,Home To Another One,7culXP38P58h83PXwLQqyg,75
772,Gabito Ballesteros,La Mamoncita del Insta,4Dg3WEqGpBbSu4EKjudiwV,78
773,Metro Boomin,"Nonviolent Communication (Metro Boomin & James Blake, A$AP Rocky, 21 Savage)",3xMnPIvsaWwzHzqqzaihEX,75
774,Sleep Token,Granite,4mxiv6HQfhqgIuN5iOONQd,72
775,Jessie Murph,Texas (feat. Maren Morris),7IP075Nyr92maaJNS52hUM,72
776,d4vd,You and I,1tuSpba0RXUMubHpAOWlMN,73
777,Ty Dolla $ign,Motion (feat. Chris Brown),3TV0uB4XI6vBoN7MjOhiAC,73
778,Young Thug,Hellcat Kenny (feat. Lil Uzi Vert),5nYygW7bTgPOhckh3uDR9L,71
779,OneRepublic,RUNAWAY,07fbDnkKdZGk1gLvknxrns,83
780,Dominic Fike,Frisky,3my33XXLpYUzVEeLOyftV2,71
781,Parker McCollum,Handle On You,4reXo2zg1uhEIpUAacDb9C,68
782,Lewis Capaldi,Forget Me,3iHzKA9HlXf5wsGdsrsnSA,82
783,Dave,UK Rap,2VjOTvl50tscmc0RDjPdr2,82
784,Rundown Spaz,First Day Out (Freestyle),7AtQxohgEu5dRYdcY4gB6G,69
785,Lana Del Rey,Summertime Sadness,0ZnSY1gLDX2XnedfVrQse1,2
786,ROSALÍA,TUYA,1HII0EIufOG0nGpWCQixbO,83
787,Lana Del Rey,"Paris, Texas (feat. SYML)",0Oqxt6JixieLHbwMfnJGWO,77
788,Junior H,Cuerno Mio,1kiwk2pQBVQNIbx7Hf3y8Z,77
789,Lana Del Rey,Pretty When You Cry,4sw5CTB7Gvyr2B5b9N1kZz,3
790,Connor Price,Spinnin,4r0kug4vaNx3d8qyDLhQes,76
791,Lana Del Rey,Video Games,4jfQ2vtRNHQmLNXOQHXtgX,12
792,Lana Del Rey,Diet Mountain Dew,2fyBXRLVjkBGYQPoWzr9Ka,7
793,Lana Del Rey,West Coast,3W71Tf4TxC2QfT2BjtMv38,4
794,Lana Del Rey,Summertime Sadness (Lana Del Rey Vs. Cedric Gervais) - Cedric Gervais Remix,4WXdMp3l24E3PNlHxq5Hok,1
795,Lana Del Rey,Say Yes To Heaven,1Df9Dsl5AI2cIllbSNCM2f,0
796,Lana Del Rey,Summertime Sadness (Lana Del Rey Vs. Cedric Gervais) - Cedric Gervais Remix,5U45CSTtiBY9alIhsQjeqf,2
797,Lana Del Rey,Summertime Sadness,1HQux8Kqu1gA8qVB62aKlu,2
798,Lana Del Rey,Young And Beautiful,53KdS2HwZZeAOBIXEdl25q,2
799,Lana Del Rey,Young And Beautiful,5RMJL10m2xmf3A85tIGw9O,3
800,Hozier,De Selby (Part 2),4SFNe716eUbgX1XvGCTBu7,69
801,Noah Kahan,All My Love,11F1Tpe5da6M6vKLbUjauU,70
802,KAROL G,GATÚBELA,6Vn1vje8yMw2OY6IOk9dkH,76
803,Noah Kahan,If We Were Vampires (feat. Wesley Schultz) - Spotify Singles,6LKvzEJQTIm2RrWAMPwQH6,71
804,HAIM,Home,6Tv4vYGT0mjnqkHdRpyxbg,75
805,Morgan Wallen,Wine Into Water,0oPRfdP48RM4bd3xBFyiRo,69
806,Kali Uchis,Fantasy (feat. Don Toliver),1dvqHhLNccePPBHq11TW7v,73
807,KAROL G,QLONA,3XB5uhhlYSnkxpSihkNQwh,77
808,Lil Uzi Vert,That Fiya,1bIHv5s0rByq6ZOqDSt8K8,71
809,KAROL G,TUS GAFITAS,3gOI5aQD4mOMLsP3aWrkon,77
810,PR1SVX,CRYSTALS,5bYFgV2KMMC6IVQ2gUyMGg,75
811,Morgan Wallen,Everything I Love,0cv6mTbrqr8vxGC31NjKtM,70
812,Laufey,Bewitched,6GNmllEUoNK0rxAmthPEQf,73
813,Dylan Gossett,Coal,5cI23aJ66Gw2a4N8l4dGYw,72
814,Noah Kahan,Stick Season,7ibpNcYxrstM16ehN7OwbK,70
815,TOMORROW X TOGETHER,Tinnitus (Wanna be a rock),0f0SbtoKGe41cX5LzlnX6X,78
816,SleazyWorld Go,Off The Court (with Polo G & Einer Bankz),1o8NmBVhT1PeADJhmAi7vZ,70
817,Khalid,Silver Platter,6QS24xFgmG0XPxsmFhGTYS,74
818,Peter McPoland,Digital Silence,6cJSXxvl9l94huIUIqsEQo,73
819,Yeat,Split,3HqGDrSOZ6LbBfX5EsiaAj,72
820,Tainy,VOLVER,1ncGbGufa7aUaJ5zC4YP3y,79
821,Luh Tyler,First Show,5nGITHcYH3Tt5WolBVEcrJ,69
822,Zach Templar,missin something,790xAaylcgzyKm40GM95Gl,74
823,V,Love Me Again,2N0SPREDYqILVEFSsWF5N5,86
824,Chris Lake,Beggin',74nEGIzIefJhJ5qX7NeIAz,76
825,(G)I-DLE,I DO,6SePnvTZkIXZznc8Ftc6vM,78
826,Dom Dolla,Eat Your Man (with Nelly Furtado),6Ea2oEzysv4UECGNxL1IEW,78
827,Old Dominion,I Should Have Married You,3XhhXPBUI2BKs8FTOOdHfR,69
828,Metro Boomin,Annihilate - Spider-Man: Across the Spider-Verse,6bRXONmpYZQOk8kj54FaRz,56
829,GenriX,novocaine,2OrucC3HEPmZpkaQ05Nx0V,77
830,Chino Pacas,Yo Preferí Chambear,2WtrZ4LQ2DV07LFyuYCZUN,74
831,Rauw Alejandro,PUNTO 40,4UGqAW9i7NtE5mW9xzm6yk,78
832,HARDY,SOLD OUT,4D4d3N9nuPnvNg3ZAICWTN,69
833,Metro Boomin,Am I Dreaming,46631VBdAu3LkySeMIHJtd,55
834,$uicideboy$,Bloody 98 (Feat. Ghostemane),48P5W4nVpguobOWSY7HNxg,71
835,Kash Krabs,KRUSTY KREW ANTHEM (BACK ON THE GRILL),7KbcPfcBMquaJGf4BVesOv,70
836,Tito Double P,LA 701,62vhlXTC4rrb13dVUlyYpO,79
837,Sleep Token,Rain,0GXwlEXCO8qeeeOIYpsR3m,72
838,Lil Tjay,June 22nd,2uPyRKg62IcLFaGXXw0qEn,73
839,Oscar Maydon,3 Doritos Despues (En Vivo),07aKw7LfC27IGSb5ppldIQ,78
840,Gunna,bread & butter,7IqsNN0EMckx9YqddgXlwg,73
841,Edgardo Nuñez,No Quiero Perderte,00bc7aBgwI1wD3zEwrcH4h,74
842,Nate Smith,Whiskey On You,0unNLQbn2xlm2nPcB1pdjS,70
843,Lauren Daigle,Thank God I Do,4gK7xnjIonY6mGJWiWcJT8,70
844,Metro Boomin,All The Way Live - Spider-Man: Across the Spider-Verse,2JHMRT2gvjh6P7ejierydm,53
845,Ryan Gosling,Push (From Barbie The Album),3G9Yl95jGxSQHs9VnyBwKF,75
846,Metro Boomin,Self Love - Spider-Man: Across the Spider-Verse,4D1Lmr5kezw09WYRLbwiZr,52
847,KAROL G,OJOS FERRARI,5yAIrkplUEpMNeojW8Q30o,74
848,Mac DeMarco,20191009 I Like Her,3oUn55qKRZ1JFzfQNbJjS1,72
849,Wisp,Your face,5MRWG1owcChqkYFIzsYlMb,72
850,Miley Cyrus,River,04CqLjewJiSAqM210vZAmT,78
851,$uicideboy$,Big Shot Cream Soda,3wHRgXJJTTwS2CkusTpn56,70
852,Metro Boomin,Calling - Spider-Man: Across the Spider-Verse,4ltqVxCEyn8xyDDyI4shBm,51
853,Metro Boomin,Hummingbird,0J1kF6VdorvmLjmRJObiV1,51
854,Morgan Wallen,Don't Think Jesus,77qpDGhjN7Hdp12JkPpHvY,68
855,Chris Brown,Summer Too Hot,7g6FlLHxbVqMi1s7S8tDTp,74
856,XG,SHOOTING STAR,3IelG5zYpWWCZIH4cqWlPV,77
857,Ez Mil,Realest (with Eminem),049m5wlslFiYLQuqxrG6QB,77
858,Jordan Davis,Tucson Too Late,2hNQDbZcN3vqRAuwiz7poI,69
859,Offset,Danger (Spider),4eAmJ2vhKbzzhEDRYipSC6,50
860,Odetari,WET DREAMS (w/ Nimstarr),4as0bvI0a6VSgjWObsvwhi,73
861,Prinz,Highs & Lows,1jrjUPWrfMw8RBbZ9PlX0W,79
862,Metro Boomin,Home,3AAdudm9gOxL6RtJ6lvuKF,49
863,Metro Boomin,Annihilate - Spider-Man: Across the Spider-Verse - Instrumental,0rj3W147rXLe3bokOgWAW9,49
864,Jimin,Interlude : Dive,2qg2jy3v50RwfV5FAqG3a2,77
865,Com Truise,4 Morant (Better Luck Next Time),3XOmSRuEEq7rK4XNzWQdyT,74
866,LUCKI,No Bap,1mSYxiYncRwdKx6cT0bQoP,69
867,MK,Rhyme Dust,5mKiwDDrwG22qKKVL6JZqF,69
868,Metro Boomin,Link Up - Spider-Verse Remix (Spider-Man: Across the Spider-Verse ),5jHsuxGiQ4Rtstf7OMYFmy,49
869,EI8HT,Silk and Cologne - Spider-Verse Remix,0Sq3PQbGrEXXE1tNn0UqFW,49
870,Gunna,p angels,2k2Z7yadTBdOM8oObjzslj,71
871,Don Toliver,Givin' Up (Not The One),4D0RrinXpQt16fZLVhmXWy,48
872,Metro Boomin,Nonviolent Communication,2IhevZVmRkRSeA2gekFrMM,47
873,Metro Boomin,Self Love - Spider-Man: Across the Spider-Verse - Instrumental,6xq4esa1dAf8ALJM3NAM6M,46
874,Carin Leon,No Es Por Acá,6tEl8GwFJEFyxZAO1ibTRF,78
875,Metro Boomin,Am I Dreaming - Instrumental,4CDFbpbGuat4UXwFvUVePG,46
876,Fuerza Regida,Tiki Taka Toco,4aDnEQkzc61DwlWTeHQqRr,73
877,Rauw Alejandro,SI TE PEGAS,7kyLtcgYgQPrXkxtAb72iY,79
878,Metro Boomin,Nas Morales,3n230gz4ZeTGPiC5NV5kTB,45
879,TRASHXRL,Sequência da Dz7,12FbZlYxIUv2rhB0oCQEhQ,84
880,NF,MOTTO,0pHrAAe6sSVDeUeNe5IesY,72
881,HARDY,JACK,4q4ITrTmB4LyoNw9yjb2Ic,68
882,Noah Kahan,Northern Attitude,0F2ptTeWy3Yf7kuFMyNdSb,70
883,Metro Boomin,Calling - Spider-Man: Across the Spider-Verse - Instrumental,2Yse8cvkvPOSpUTgY6RzbK,44
884,Metro Boomin,Hummingbird - Instrumental,0xWEe6RPABHV0GQSYxNOyX,43
885,Metro Boomin,All The Way Live - Spider-Man: Across the Spider-Verse - Instrumental,7xUFwoiHrj2BkMuUiguGhE,43
886,Don Toliver,No Pole,0eaVIYo2zeOaGJeqZ5TwYz,71
887,Metro Boomin,Link Up - Spider-Verse Remix (Spider-Man: Across the Spider-Verse - Instrumental),1LAqyTGterNHVFTR2s8aEM,42
888,Metro Boomin,Home - Instrumental,0rOBzr7k6TjXvToLqxUFom,41
889,A Boogie Wit da Hoodie,MVP (feat. G-Eazy),3iRCr53b2ZOvoKMTNvBn5d,71
890,Metro Boomin,Nas Morales - Instrumental,6CfoQl50DhX1oypPrGmX1y,41
891,Metro Boomin,Nonviolent Communication - Instrumental,0tS8zOzsD52WhFmCgaLIhG,41
892,$uicideboy$,Whole Lotta Grey,4s0R9lDVKIchcSlFBPosIN,69
893,Lil Uzi Vert,Days Come and Go,4Dk42ykoREkq82ny0mWZnU,70
894,The Beaches,Blame Brett,7Az7rVogNu6XpLnykVI5fA,73
895,Conan Gray,Never Ending Song,5BI0zQZciyoQfJxsu8CIn9,76
896,Carly Pearce,We Don't Fight Anymore,2dPwBKr5uJeCeyd5IoWi8W,69
897,Christian Nodal,Por el Resto de Tu Vida,40vzZFWG1h60TdZPuxuX3Y,80
898,Morgan Wallen,Days That End In Why,4FhxN8PTyjkBVfwlCnr9Om,68
899,EXO,Cream Soda,42h7yc9Rda1IOMYLACVgld,81
900,Charlie Puth,That’s Not How This Works (feat. Dan + Shay),28a0aMV1OKoyNiCJuNsWrY,77
901,Los Ángeles Azules,Tú Y Tú,6gnbz54mNEfB82Tl9pv5Z1,67
902,Stray Kids,TOPLINE (Feat. Tiger JK),0jvZ9caE53ubCQXMki6W23,78
903,Nic D,Sundown,26HQt3tNOagBa4Av5lftP2,70
904,Maria Becerra,CORAZÓN VACÍO,3oNnzH6hmqIGIhJ1NcHlrh,90
905,Niall Horan,Meltdown,0hIDcUm3mJEn4gNo2ocLM5,77
906,Sexyy Red,Looking For The Hoes (Ain’t My Fault),4LadsagnXZM7SEOpHjHIHA,69
907,42 Dugg,One Time,6JXJgBcTfcuiPAd0416sOB,69
908,TWISTED,WORTH NOTHING (feat. Oliver Tree) - Fast & Furious: Drift Tape/Phonk Vol 1,65tX8MBdsnTiwy9UoIPHzr,81
909,Lil Uzi Vert,Of Course (Bonus Track),2cg9zc2ba5HGiGMTu4oj69,70
910,Miguel,Sure Thing - Sped Up,559SdaPI7mqy9IQiscuaMj,80
911,Bring Me The Horizon,AmEN! (feat. Lil Uzi Vert and Daryl Palumbo of Glassjaw),5viZ8CLipufc1Q1NXpMRNN,75
912,Grupo Clasificado,M.L.P,0oYk83uZu4S5ROlM8VZMGl,77
913,BabyTron,Out On Bond,07iXzCjxJdfHTUenA34iXt,68
914,Fuerza Regida,¿Qué Se Te Quitó?,2VaHYCxdN3xpNAQdPzIqkG,72
915,SZA,Kill Bill - Sped Up Version,2ty6DmPnxVPpEFuB23XM0x,78
916,NF,GONE,2LCGFBu1ej6zt4r1VGPjny,72
917,Young Thug,Want Me Dead (feat. 21 Savage),3GXjlz7evuodm50dfiDDWo,71
918,Sam Cooke,(What A) Wonderful World,7jVBSPLSbL1jKVBDMXlRCx,68
919,Melanie Martinez,THE CONTORTIONIST,19SwuhO0bMiAcg2kyJydmj,72
920,Macroix,Promised,1fSln3JhzB7Asdi83JTvPa,76
921,Tiago PZK,Me Enteré,5FWQLEX0lavdxiWGBNkBQ4,85
922,Noah Kahan,New Perspective,1mAfZYkVfwcPuqqPJZ1Opu,69
923,Sleepy Hallow,Good Girls Ain't No Fun,0eVVwxPYBzVMFOGDUpaw2f,71
924,Lovejoy,Portrait of a Blank Slate,7505qe0xzCuDPaILCURnOC,74
925,Pierce The Veil,Pass The Nirvana,7I93h9I0RUqt1ci3Bfa290,70
926,Halsey,Lilith (feat. SUGA of BTS) (Diablo IV Anthem),3l6LBCOL9nPsSY29TUY2VE,81
927,KAROL G,UNA NOCHE EN MEDELLÍN - REMIX,6ejks4eS7DOoYW8hrpRcDV,77
928,Bibi Babydoll,Automotivo Bibi Fogosa,4kRLRWnn5u9wO2wOKAAdEN,86
929,GloRilla,Lick Or Sum,132Yd321hAG0oOz3lbiqig,68
930,Moneybagg Yo,Quickie,2kQJCELd0jWCTOgCDAauvj,69
931,Lauv,"Steal The Show - From ""Elemental""",6R5fYCySNHrqo4Og6O1ppn,77
932,Danny Towers,Florida Water (feat. Luh Tyler),1UFCw2ZU50ZXdjHUtKg9mp,68
933,KAROL G,Ocean,1d9DieOOLD8yaoEmUQhE8t,4
934,KAROL G,TQG,5yw9b6D8TZr7aPloY9p9ha,0
935,KAROL G,MAÑANA SERÁ BONITO,0WuOkaVAQq9yQCpblb42lT,0
936,KAROL G,TQG,3AM3WIveCRPUnH2Cizyz1y,0
937,KAROL G,AMARGURA,3s5VBxbUdXkOcl4ahh0PIo,0
938,KAROL G,TQG,04VUBZ72aOG3tdzjTCGcHr,0
939,KAROL G,AMARGURA,6cM3p1cY4UthGykmhxJadW,0
940,KAROL G,Pineapple,2PiyjyC6bcTMzWPSjtvxT8,0
941,KAROL G,AMARGURA,2daB3274Cb6szKMdUDEju6,0
942,KAROL G,Ahora Me Llama,45yj0IqpW5J6KxkX6A4uv1,1
943,KAROL G,"Ay, DiOs Mío!",51SKHLw2MpNUMMwod3f74b,0
944,KAROL G,"Ay, DiOs Mío!",1viv9gZMZM3LVpES0pxvHg,0
945,KAROL G,KÁRMIKA,1SD8sZ5OCIfmzHqs8VwFFr,0
946,KAROL G,Mi Cama,5EiCq6wP0lTTvWH8mkjnqY,0
947,KAROL G,MIENTRAS ME CURO DEL CORA,43acCXjRROWYAMlQhf3xfR,0
948,KAROL G,Bebesita,3J0mWaiGubQoQBlcw3cUe2,0
949,KAROL G,MIENTRAS ME CURO DEL CORA,2RoFLv11zJfy5GqFnFEYcT,1
950,KAROL G,Love With A Quality,3GCFCVLVo6FFZ5WO4vdXTv,0
951,KAROL G,BICHOTA,0Vj6KMcTjU33qtz93iYD7u,0
952,KAROL G,TQG,4WqSUrVzy7NBf5psaDedin,0
953,KAROL G,Tusa,0ycz51Qwd9zBeNWtesUcdP,0
954,KAROL G,TQG,1TLUH5TVNVE07dNeTGbmgi,1
955,KAROL G,AMARGURA,7c73muZWuHTRPMgujwypyx,0
956,KAROL G,MIENTRAS ME CURO DEL CORA,3GVSoqoteGu3yDkffFaGbM,0
957,KAROL G,EL MAKINON,0bzlYYW4rUUn9jLFOyEWcp,0
958,KAROL G,CAIRO,41aUw48pTMG0odK7iT3apn,0
959,KAROL G,GATÚBELA,4JLJbc0WQyicZynP7Nlc9X,1
960,KAROL G,SEJODIOTO,0SGRw9X3XpqywfxzJNyqDV,0
961,KAROL G,200 COPAS,3vHQUZkq8Ia4W66OhQW34R,0
962,KAROL G,GATO MALO,3ZQhtNRkyiofFUnezg2RRj,0
963,KAROL G,PROVENZA,1IRDnvFdT1j7g0qlE42S6h,0
964,KAROL G,MAÑANA SERÁ BONITO,7IBiuAvS8EQxDkPFibWmro,2
965,KAROL G,Punto G,3Txo7UuAUhdZmV2jIJdLH6,0
966,KAROL G,La Dama,5FupDcrjE52OrxGKI1KgBN,0
967,KAROL G,MAÑANA SERÁ BONITO,34kWw5krwqDKxFGCtEOXT3,0
968,KAROL G,TQG,5mmDz8vgYXdXVnYfEkBxmZ,0
969,KAROL G,TQG,25PfFHi3XLfEgI812I8yB5,0
970,KAROL G,PROVENZA,4HMUhTcFOn95i4r7HTrOFP,0
971,KAROL G,GUCCI LOS PAÑOS,0My2uvwXJJnGJvTHYXjkpS,0
972,KAROL G,CAIRO,0Pk13vbWVwoOLFLKZnr3kj,1
973,KAROL G,Casi Nada - Nando Pro Remix,1DD7PjeV69kmbRfKyE3do7,0
974,KAROL G,Tusa,2S3hVbZEqverJCfCLmdgQO,0
975,KAROL G,EL MAKINON,3X4Zy04KBeuQwE1jRQJl3G,1
976,KAROL G,Mi Cama - Remix,08lytHw0fMMPcbQezR7WxJ,0
977,KAROL G,TQG,3zVCiCm59VyNirIaFx5rZf,1
978,KAROL G,TQG,1AIpPeP8CuPf5ZpxwUCbdF,0
979,KAROL G,Culpables,7AnzsZML9jQBum9fGhwLTJ,0
980,KAROL G,CAROLINA,4rnkXrR3x5VQsXZi4Oofp4,0
981,Quevedo,PUNTO G,4WiQA1AGWHFvaxBU6bHghs,85
982,The Weeknd,"False Idols (with Lil Baby, Suzanna Son)",6cViXqp01e3FrAaseuiSAV,75
983,Ella Mai,This Is,2zuDMKJ2rSgCMtJknUJBZ9,70
984,Dominic Fike,Bodies,59JXLBosh2OFLMCARkINnB,70
985,Latto,Lottery (feat. LU KALA),1JUtrCqYzJ80tcAzMbCvir,76
986,Dominic Fike,Ant Pile,6OrCWnvAja4n5IYdzchJlH,70
987,Grupo Firme,Felicidades,3RxqFMGljx897MC9yApidW,78
988,Bas,Passport Bros (with J. Cole),3Owi7BjAeziHBYS0gLvHTQ,71
989,Metro Boomin,Creepin',6qSFsl03HGaYnVA8lHNwwK,2
990,That Mexican OT,Johnny Dang (with Paul Wall & DRODi),6XEt23sq6sRgER8sSZbCR5,68
991,Kali Uchis,Hasta Cuando,4ipzXe2jmoeN7zm2VMb4eX,71
992,Paramore,This Is Why,7HdXRMw14roDx2a0COWk3M,72
993,juju<3,Wasted Summers,43MifzVnh8W3jJN0xqU9jR,72
994,Gorillaz,Tormenta (feat. Bad Bunny),38UYeBLfvpnDSG9GznZdnL,79
995,TWICE,SET ME FREE,4OtVQ2ZxS7yigIjGz5yKg1,77
996,Sexyy Red,Pound Town (and Tay Keith),4KSRdah26ypIXVNZPHmzO3,68
997,Jessie Murph,How Could You,7wB9sL81rFRGhRt6msZ9CV,73
998,The Weeknd,"Fill The Void (with Lily Rose Depp, Ramsey)",010ZkIVv6Ay5vqqHVCCiKB,79
999,Jung Kook,Seven (feat. Latto) (Instrumental),2D9mO7arRSeHAEHNVAacaA,78
